fy,quarter,period_end,section,line_item_zh,account_code,value_k_usd,source_pdf
FY18,Q1,2017-06-30,非流動資產,物業、廠房及設備,ppe_net,1273414.0,FY18Q1_180820170759.pdf
FY18,Q1,2017-06-30,非流動資產,預付土地租賃款項,other_noncurrent_assets,487479.0,FY18Q1_180820170759.pdf
FY18,Q1,2017-06-30,非流動資產,在建工程,ppe_net,442668.0,FY18Q1_180820170759.pdf
FY18,Q1,2017-06-30,非流動資產,無形資產,intangibles,8317198.0,FY18Q1_180820170759.pdf
FY18,Q1,2017-06-30,非流動資產,於聯營公司及合營公司權益,other_noncurrent_assets,25903.0,FY18Q1_180820170759.pdf
FY18,Q1,2017-06-30,非流動資產,遞延所得稅項資產,other_noncurrent_assets,1527370.0,FY18Q1_180820170759.pdf
FY18,Q1,2017-06-30,非流動資產,可供出售金融資產,other_noncurrent_assets,278770.0,FY18Q1_180820170759.pdf
FY18,Q1,2017-06-30,非流動資產,其他非流動資產,other_noncurrent_assets,124739.0,FY18Q1_180820170759.pdf
FY18,Q1,2017-06-30,非流動資產,[非流動資產小计],_subtotal_非流動資產,12477541.0,FY18Q1_180820170759.pdf
FY18,Q1,2017-06-30,流動資產,存貨,inventory,3177532.0,FY18Q1_180820170759.pdf
FY18,Q1,2017-06-30,流動資產,應收貿易賬款,accounts_receivable,4496852.0,FY18Q1_180820170759.pdf
FY18,Q1,2017-06-30,流動資產,應收票據,accounts_receivable,46517.0,FY18Q1_180820170759.pdf
FY18,Q1,2017-06-30,流動資產,衍生金融資產,other_current_assets,51971.0,FY18Q1_180820170759.pdf
FY18,Q1,2017-06-30,流動資產,按金、預付款項及其他應收賬款,other_current_assets,4639071.0,FY18Q1_180820170759.pdf
FY18,Q1,2017-06-30,流動資產,可收回所得稅款,other_current_assets,196243.0,FY18Q1_180820170759.pdf
FY18,Q1,2017-06-30,流動資產,銀行存款,short_term_investments,153616.0,FY18Q1_180820170759.pdf
FY18,Q1,2017-06-30,流動資產,現金及現金等價物,cash,1387470.0,FY18Q1_180820170759.pdf
FY18,Q1,2017-06-30,流動資產,[流動資產小计],_subtotal_流動資產,14149272.0,FY18Q1_180820170759.pdf
FY18,Q1,2017-06-30,合计,總資產,total_assets,26626813.0,FY18Q1_180820170759.pdf
FY18,Q1,2017-06-30,權益,其他非控制性權益,noncontrolling_interest,253407.0,FY18Q1_180820170759.pdf
FY18,Q1,2017-06-30,權益,向非控制性權益簽出認沽期權,noncontrolling_interest,-212900.0,FY18Q1_180820170759.pdf
FY18,Q1,2017-06-30,合计,總權益,total_equity,4178091.0,FY18Q1_180820170759.pdf
FY18,Q1,2017-06-30,非流動負債,貸款,long_term_debt,2579152.0,FY18Q1_180820170759.pdf
FY18,Q1,2017-06-30,非流動負債,保修費撥備,other_noncurrent_liabilities,268757.0,FY18Q1_180820170759.pdf
FY18,Q1,2017-06-30,非流動負債,遞延收益,deferred_revenue_noncurrent,570808.0,FY18Q1_180820170759.pdf
FY18,Q1,2017-06-30,非流動負債,退休福利責任,other_noncurrent_liabilities,385831.0,FY18Q1_180820170759.pdf
FY18,Q1,2017-06-30,非流動負債,遞延所得稅項負債,other_noncurrent_liabilities,227093.0,FY18Q1_180820170759.pdf
FY18,Q1,2017-06-30,非流動負債,其他非流動負債,other_noncurrent_liabilities,364581.0,FY18Q1_180820170759.pdf
FY18,Q1,2017-06-30,非流動負債,[非流動負債小计],_subtotal_非流動負債,4396222.0,FY18Q1_180820170759.pdf
FY18,Q1,2017-06-30,流動負債,應付貿易賬款,accounts_payable,6209107.0,FY18Q1_180820170759.pdf
FY18,Q1,2017-06-30,流動負債,應付票據,accounts_payable,791181.0,FY18Q1_180820170759.pdf
FY18,Q1,2017-06-30,流動負債,衍生金融負債,other_current_liabilities,118738.0,FY18Q1_180820170759.pdf
FY18,Q1,2017-06-30,流動負債,其他應付賬款及應計費用,accrued_liabilities,9071699.0,FY18Q1_180820170759.pdf
FY18,Q1,2017-06-30,流動負債,撥備,other_current_liabilities,825939.0,FY18Q1_180820170759.pdf
FY18,Q1,2017-06-30,流動負債,遞延收益,deferred_revenue_current,591711.0,FY18Q1_180820170759.pdf
FY18,Q1,2017-06-30,流動負債,應付所得稅項,other_current_liabilities,179863.0,FY18Q1_180820170759.pdf
FY18,Q1,2017-06-30,流動負債,貸款,short_term_debt,264262.0,FY18Q1_180820170759.pdf
FY18,Q1,2017-06-30,流動負債,[流動負債小计],_subtotal_流動負債,18052500.0,FY18Q1_180820170759.pdf
FY18,Q1,2017-06-30,合计,總負債,total_liabilities,22448722.0,FY18Q1_180820170759.pdf
FY18,Q1,2017-06-30,合计,總權益及負債,total_liabilities_and_equity,26626813.0,FY18Q1_180820170759.pdf
FY18,Q2,2017-09-30,非流動資產,物業、廠房及設備,ppe_net,1283887.0,FY18Q2_021120171217.pdf
FY18,Q2,2017-09-30,非流動資產,預付土地租賃款項,other_noncurrent_assets,493313.0,FY18Q2_021120171217.pdf
FY18,Q2,2017-09-30,非流動資產,在建工程,ppe_net,422759.0,FY18Q2_021120171217.pdf
FY18,Q2,2017-09-30,非流動資產,無形資產,intangibles,8448410.0,FY18Q2_021120171217.pdf
FY18,Q2,2017-09-30,非流動資產,於聯營公司及合營公司權益,other_noncurrent_assets,34103.0,FY18Q2_021120171217.pdf
FY18,Q2,2017-09-30,非流動資產,遞延所得稅項資產,other_noncurrent_assets,1739107.0,FY18Q2_021120171217.pdf
FY18,Q2,2017-09-30,非流動資產,可供出售金融資產,other_noncurrent_assets,332481.0,FY18Q2_021120171217.pdf
FY18,Q2,2017-09-30,非流動資產,其他非流動資產,other_noncurrent_assets,136820.0,FY18Q2_021120171217.pdf
FY18,Q2,2017-09-30,非流動資產,[非流動資產小计],_subtotal_非流動資產,12890880.0,FY18Q2_021120171217.pdf
FY18,Q2,2017-09-30,流動資產,存貨,inventory,3599990.0,FY18Q2_021120171217.pdf
FY18,Q2,2017-09-30,流動資產,應收貿易賬款,accounts_receivable,5284067.0,FY18Q2_021120171217.pdf
FY18,Q2,2017-09-30,流動資產,應收票據,accounts_receivable,29692.0,FY18Q2_021120171217.pdf
FY18,Q2,2017-09-30,流動資產,衍生金融資產,other_current_assets,67344.0,FY18Q2_021120171217.pdf
FY18,Q2,2017-09-30,流動資產,按金、預付款項及其他應收賬款,other_current_assets,5605794.0,FY18Q2_021120171217.pdf
FY18,Q2,2017-09-30,流動資產,可收回所得稅款,other_current_assets,183758.0,FY18Q2_021120171217.pdf
FY18,Q2,2017-09-30,流動資產,銀行存款,short_term_investments,118215.0,FY18Q2_021120171217.pdf
FY18,Q2,2017-09-30,流動資產,現金及現金等價物,cash,1143834.0,FY18Q2_021120171217.pdf
FY18,Q2,2017-09-30,流動資產,[流動資產小计],_subtotal_流動資產,16032694.0,FY18Q2_021120171217.pdf
FY18,Q2,2017-09-30,合计,總資產,total_assets,28923574.0,FY18Q2_021120171217.pdf
FY18,Q2,2017-09-30,權益,其他非控制性權益,noncontrolling_interest,247604.0,FY18Q2_021120171217.pdf
FY18,Q2,2017-09-30,權益,向非控制性權益簽出認沽期權,noncontrolling_interest,-212900.0,FY18Q2_021120171217.pdf
FY18,Q2,2017-09-30,合计,總權益,total_equity,4188407.0,FY18Q2_021120171217.pdf
FY18,Q2,2017-09-30,非流動負債,貸款,long_term_debt,2591264.0,FY18Q2_021120171217.pdf
FY18,Q2,2017-09-30,非流動負債,保修費撥備,other_noncurrent_liabilities,264612.0,FY18Q2_021120171217.pdf
FY18,Q2,2017-09-30,非流動負債,遞延收益,deferred_revenue_noncurrent,605227.0,FY18Q2_021120171217.pdf
FY18,Q2,2017-09-30,非流動負債,退休福利責任,other_noncurrent_liabilities,397471.0,FY18Q2_021120171217.pdf
FY18,Q2,2017-09-30,非流動負債,遞延所得稅項負債,other_noncurrent_liabilities,228144.0,FY18Q2_021120171217.pdf
FY18,Q2,2017-09-30,非流動負債,其他非流動負債,other_noncurrent_liabilities,353462.0,FY18Q2_021120171217.pdf
FY18,Q2,2017-09-30,非流動負債,[非流動負債小计],_subtotal_非流動負債,4440180.0,FY18Q2_021120171217.pdf
FY18,Q2,2017-09-30,流動負債,應付貿易賬款,accounts_payable,7240072.0,FY18Q2_021120171217.pdf
FY18,Q2,2017-09-30,流動負債,應付票據,accounts_payable,975116.0,FY18Q2_021120171217.pdf
FY18,Q2,2017-09-30,流動負債,衍生金融負債,other_current_liabilities,84914.0,FY18Q2_021120171217.pdf
FY18,Q2,2017-09-30,流動負債,其他應付賬款及應計費用,accrued_liabilities,10227406.0,FY18Q2_021120171217.pdf
FY18,Q2,2017-09-30,流動負債,撥備,other_current_liabilities,829000.0,FY18Q2_021120171217.pdf
FY18,Q2,2017-09-30,流動負債,遞延收益,deferred_revenue_current,668652.0,FY18Q2_021120171217.pdf
FY18,Q2,2017-09-30,流動負債,應付所得稅項,other_current_liabilities,199786.0,FY18Q2_021120171217.pdf
FY18,Q2,2017-09-30,流動負債,貸款,short_term_debt,70041.0,FY18Q2_021120171217.pdf
FY18,Q2,2017-09-30,流動負債,[流動負債小计],_subtotal_流動負債,20294987.0,FY18Q2_021120171217.pdf
FY18,Q2,2017-09-30,合计,總負債,total_liabilities,24735167.0,FY18Q2_021120171217.pdf
FY18,Q2,2017-09-30,合计,總權益及負債,total_liabilities_and_equity,28923574.0,FY18Q2_021120171217.pdf
FY18,Q3,2017-12-31,非流動資產,物業、廠房及設備,ppe_net,1279343.0,FY18Q3_010220180733.pdf
FY18,Q3,2017-12-31,非流動資產,預付土地租賃款項,other_noncurrent_assets,493460.0,FY18Q3_010220180733.pdf
FY18,Q3,2017-12-31,非流動資產,在建工程,ppe_net,384184.0,FY18Q3_010220180733.pdf
FY18,Q3,2017-12-31,非流動資產,無形資產,intangibles,8416254.0,FY18Q3_010220180733.pdf
FY18,Q3,2017-12-31,非流動資產,於聯營公司及合營公司權益,other_noncurrent_assets,33939.0,FY18Q3_010220180733.pdf
FY18,Q3,2017-12-31,非流動資產,遞延所得稅項資產,other_noncurrent_assets,1425540.0,FY18Q3_010220180733.pdf
FY18,Q3,2017-12-31,非流動資產,可供出售金融資產,other_noncurrent_assets,358958.0,FY18Q3_010220180733.pdf
FY18,Q3,2017-12-31,非流動資產,其他非流動資產,other_noncurrent_assets,162511.0,FY18Q3_010220180733.pdf
FY18,Q3,2017-12-31,非流動資產,[非流動資產小计],_subtotal_非流動資產,12554189.0,FY18Q3_010220180733.pdf
FY18,Q3,2017-12-31,流動資產,存貨,inventory,3983309.0,FY18Q3_010220180733.pdf
FY18,Q3,2017-12-31,流動資產,應收貿易賬款,accounts_receivable,5759829.0,FY18Q3_010220180733.pdf
FY18,Q3,2017-12-31,流動資產,應收票據,accounts_receivable,37959.0,FY18Q3_010220180733.pdf
FY18,Q3,2017-12-31,流動資產,衍生金融資產,other_current_assets,19971.0,FY18Q3_010220180733.pdf
FY18,Q3,2017-12-31,流動資產,按金、預付款項及其他應收賬款,other_current_assets,5193934.0,FY18Q3_010220180733.pdf
FY18,Q3,2017-12-31,流動資產,可收回所得稅款,other_current_assets,203359.0,FY18Q3_010220180733.pdf
FY18,Q3,2017-12-31,流動資產,銀行存款,short_term_investments,86517.0,FY18Q3_010220180733.pdf
FY18,Q3,2017-12-31,流動資產,現金及現金等價物,cash,1660348.0,FY18Q3_010220180733.pdf
FY18,Q3,2017-12-31,流動資產,[流動資產小计],_subtotal_流動資產,16945226.0,FY18Q3_010220180733.pdf
FY18,Q3,2017-12-31,合计,總資產,total_assets,29499415.0,FY18Q3_010220180733.pdf
FY18,Q3,2017-12-31,權益,其他非控制性權益,noncontrolling_interest,243471.0,FY18Q3_010220180733.pdf
FY18,Q3,2017-12-31,權益,向非控制性權益簽出認沽期權,noncontrolling_interest,-212900.0,FY18Q3_010220180733.pdf
FY18,Q3,2017-12-31,合计,總權益,total_equity,4376012.0,FY18Q3_010220180733.pdf
FY18,Q3,2017-12-31,非流動負債,貸款,long_term_debt,2617685.0,FY18Q3_010220180733.pdf
FY18,Q3,2017-12-31,非流動負債,保修費撥備,other_noncurrent_liabilities,284033.0,FY18Q3_010220180733.pdf
FY18,Q3,2017-12-31,非流動負債,遞延收益,deferred_revenue_noncurrent,637476.0,FY18Q3_010220180733.pdf
FY18,Q3,2017-12-31,非流動負債,退休福利責任,other_noncurrent_liabilities,393907.0,FY18Q3_010220180733.pdf
FY18,Q3,2017-12-31,非流動負債,遞延所得稅項負債,other_noncurrent_liabilities,248259.0,FY18Q3_010220180733.pdf
FY18,Q3,2017-12-31,非流動負債,其他非流動負債,other_noncurrent_liabilities,353043.0,FY18Q3_010220180733.pdf
FY18,Q3,2017-12-31,非流動負債,[非流動負債小计],_subtotal_非流動負債,4534403.0,FY18Q3_010220180733.pdf
FY18,Q3,2017-12-31,流動負債,應付貿易賬款,accounts_payable,7498216.0,FY18Q3_010220180733.pdf
FY18,Q3,2017-12-31,流動負債,應付票據,accounts_payable,947353.0,FY18Q3_010220180733.pdf
FY18,Q3,2017-12-31,流動負債,衍生金融負債,other_current_liabilities,56791.0,FY18Q3_010220180733.pdf
FY18,Q3,2017-12-31,流動負債,其他應付賬款及應計費用,accrued_liabilities,10278455.0,FY18Q3_010220180733.pdf
FY18,Q3,2017-12-31,流動負債,撥備,other_current_liabilities,872328.0,FY18Q3_010220180733.pdf
FY18,Q3,2017-12-31,流動負債,遞延收益,deferred_revenue_current,641518.0,FY18Q3_010220180733.pdf
FY18,Q3,2017-12-31,流動負債,應付所得稅項,other_current_liabilities,237539.0,FY18Q3_010220180733.pdf
FY18,Q3,2017-12-31,流動負債,貸款,short_term_debt,56800.0,FY18Q3_010220180733.pdf
FY18,Q3,2017-12-31,流動負債,[流動負債小计],_subtotal_流動負債,20589000.0,FY18Q3_010220180733.pdf
FY18,Q3,2017-12-31,合计,總負債,total_liabilities,25123403.0,FY18Q3_010220180733.pdf
FY18,Q3,2017-12-31,合计,總權益及負債,total_liabilities_and_equity,29499415.0,FY18Q3_010220180733.pdf
FY18,Q4,2018-03-31,非流動資產,物業、廠房及設備,ppe_net,1304751.0,FY18Q4_240520181206.pdf
FY18,Q4,2018-03-31,非流動資產,預付土地租賃款項,other_noncurrent_assets,507628.0,FY18Q4_240520181206.pdf
FY18,Q4,2018-03-31,非流動資產,在建工程,ppe_net,382845.0,FY18Q4_240520181206.pdf
FY18,Q4,2018-03-31,非流動資產,無形資產,intangibles,8514504.0,FY18Q4_240520181206.pdf
FY18,Q4,2018-03-31,非流動資產,於聯營公司及合營公司權益,other_noncurrent_assets,35666.0,FY18Q4_240520181206.pdf
FY18,Q4,2018-03-31,非流動資產,遞延所得稅項資產,other_noncurrent_assets,1530623.0,FY18Q4_240520181206.pdf
FY18,Q4,2018-03-31,非流動資產,可供出售金融資產,other_noncurrent_assets,373077.0,FY18Q4_240520181206.pdf
FY18,Q4,2018-03-31,非流動資產,其他非流動資產,other_noncurrent_assets,181759.0,FY18Q4_240520181206.pdf
FY18,Q4,2018-03-31,非流動資產,[非流動資產小计],_subtotal_非流動資產,12830853.0,FY18Q4_240520181206.pdf
FY18,Q4,2018-03-31,流動資產,存貨,inventory,3791691.0,FY18Q4_240520181206.pdf
FY18,Q4,2018-03-31,流動資產,應收貿易賬款,accounts_receivable,4972722.0,FY18Q4_240520181206.pdf
FY18,Q4,2018-03-31,流動資產,應收票據,accounts_receivable,11154.0,FY18Q4_240520181206.pdf
FY18,Q4,2018-03-31,流動資產,衍生金融資產,other_current_assets,24890.0,FY18Q4_240520181206.pdf
FY18,Q4,2018-03-31,流動資產,按金、預付款項及其他應收賬款,other_current_assets,4703335.0,FY18Q4_240520181206.pdf
FY18,Q4,2018-03-31,流動資產,可收回所得稅款,other_current_assets,227203.0,FY18Q4_240520181206.pdf
FY18,Q4,2018-03-31,流動資產,銀行存款,short_term_investments,84306.0,FY18Q4_240520181206.pdf
FY18,Q4,2018-03-31,流動資產,現金及現金等價物,cash,1848017.0,FY18Q4_240520181206.pdf
FY18,Q4,2018-03-31,流動資產,[流動資產小计],_subtotal_流動資產,15663318.0,FY18Q4_240520181206.pdf
FY18,Q4,2018-03-31,合计,總資產,total_assets,28494171.0,FY18Q4_240520181206.pdf
FY18,Q4,2018-03-31,權益,其他非控制性權益,noncontrolling_interest,246598.0,FY18Q4_240520181206.pdf
FY18,Q4,2018-03-31,權益,向非控制性權益簽出認沽期權,noncontrolling_interest,-212900.0,FY18Q4_240520181206.pdf
FY18,Q4,2018-03-31,合计,總權益,total_equity,4545988.0,FY18Q4_240520181206.pdf
FY18,Q4,2018-03-31,非流動負債,貸款,long_term_debt,2648725.0,FY18Q4_240520181206.pdf
FY18,Q4,2018-03-31,非流動負債,保修費撥備,other_noncurrent_liabilities,278908.0,FY18Q4_240520181206.pdf
FY18,Q4,2018-03-31,非流動負債,遞延收益,deferred_revenue_noncurrent,583405.0,FY18Q4_240520181206.pdf
FY18,Q4,2018-03-31,非流動負債,退休福利責任,other_noncurrent_liabilities,413482.0,FY18Q4_240520181206.pdf
FY18,Q4,2018-03-31,非流動負債,遞延所得稅項負債,other_noncurrent_liabilities,230609.0,FY18Q4_240520181206.pdf
FY18,Q4,2018-03-31,非流動負債,其他非流動負債,other_noncurrent_liabilities,333332.0,FY18Q4_240520181206.pdf
FY18,Q4,2018-03-31,非流動負債,[非流動負債小计],_subtotal_非流動負債,4488461.0,FY18Q4_240520181206.pdf
FY18,Q4,2018-03-31,流動負債,應付貿易賬款,accounts_payable,6450792.0,FY18Q4_240520181206.pdf
FY18,Q4,2018-03-31,流動負債,應付票據,accounts_payable,801974.0,FY18Q4_240520181206.pdf
FY18,Q4,2018-03-31,流動負債,衍生金融負債,other_current_liabilities,62694.0,FY18Q4_240520181206.pdf
FY18,Q4,2018-03-31,流動負債,其他應付賬款及應計費用,accrued_liabilities,9217764.0,FY18Q4_240520181206.pdf
FY18,Q4,2018-03-31,流動負債,撥備,other_current_liabilities,858475.0,FY18Q4_240520181206.pdf
FY18,Q4,2018-03-31,流動負債,遞延收益,deferred_revenue_current,732552.0,FY18Q4_240520181206.pdf
FY18,Q4,2018-03-31,流動負債,應付所得稅項,other_current_liabilities,168779.0,FY18Q4_240520181206.pdf
FY18,Q4,2018-03-31,流動負債,貸款,short_term_debt,1166692.0,FY18Q4_240520181206.pdf
FY18,Q4,2018-03-31,流動負債,[流動負債小计],_subtotal_流動負債,19459722.0,FY18Q4_240520181206.pdf
FY18,Q4,2018-03-31,合计,總負債,total_liabilities,23948183.0,FY18Q4_240520181206.pdf
FY18,Q4,2018-03-31,合计,總權益及負債,total_liabilities_and_equity,28494171.0,FY18Q4_240520181206.pdf
FY19,Q1,2018-06-30,非流動資產,物業、廠房及設備,ppe_net,1262016.0,FY19Q1_160820180735.pdf
FY19,Q1,2018-06-30,非流動資產,預付土地租賃款項,other_noncurrent_assets,479209.0,FY19Q1_160820180735.pdf
FY19,Q1,2018-06-30,非流動資產,在建工程,ppe_net,373953.0,FY19Q1_160820180735.pdf
FY19,Q1,2018-06-30,非流動資產,無形資產,intangibles,8426938.0,FY19Q1_160820180735.pdf
FY19,Q1,2018-06-30,非流動資產,於聯營公司及合營公司權益,other_noncurrent_assets,34639.0,FY19Q1_160820180735.pdf
FY19,Q1,2018-06-30,非流動資產,遞延所得稅項資產,other_noncurrent_assets,1575545.0,FY19Q1_160820180735.pdf
FY19,Q1,2018-06-30,非流動資產,可供出售金融資產,other_noncurrent_assets,,FY19Q1_160820180735.pdf
FY19,Q1,2018-06-30,非流動資產,以公允價值計量且其變動計入損益的金融資產,other_noncurrent_assets,318145.0,FY19Q1_160820180735.pdf
FY19,Q1,2018-06-30,非流動資產,以公允價值計量且其變動計入其他全面收益的金融資產,other_noncurrent_assets,79118.0,FY19Q1_160820180735.pdf
FY19,Q1,2018-06-30,非流動資產,其他非流動資產,other_noncurrent_assets,115614.0,FY19Q1_160820180735.pdf
FY19,Q1,2018-06-30,非流動資產,[非流動資產小计],_subtotal_非流動資產,12665177.0,FY19Q1_160820180735.pdf
FY19,Q1,2018-06-30,流動資產,存貨,inventory,4125099.0,FY19Q1_160820180735.pdf
FY19,Q1,2018-06-30,流動資產,應收貿易賬款,accounts_receivable,6050803.0,FY19Q1_160820180735.pdf
FY19,Q1,2018-06-30,流動資產,應收票據,accounts_receivable,13411.0,FY19Q1_160820180735.pdf
FY19,Q1,2018-06-30,流動資產,衍生金融資產,other_current_assets,162009.0,FY19Q1_160820180735.pdf
FY19,Q1,2018-06-30,流動資產,按金、預付款項及其他應收賬款,other_current_assets,5387258.0,FY19Q1_160820180735.pdf
FY19,Q1,2018-06-30,流動資產,可收回所得稅款,other_current_assets,218597.0,FY19Q1_160820180735.pdf
FY19,Q1,2018-06-30,流動資產,銀行存款,short_term_investments,75856.0,FY19Q1_160820180735.pdf
FY19,Q1,2018-06-30,流動資產,現金及現金等價物,cash,2613148.0,FY19Q1_160820180735.pdf
FY19,Q1,2018-06-30,流動資產,[流動資產小计],_subtotal_流動資產,18646181.0,FY19Q1_160820180735.pdf
FY19,Q1,2018-06-30,合计,總資產,total_assets,31311358.0,FY19Q1_160820180735.pdf
FY19,Q1,2018-06-30,權益,其他非控制性權益,noncontrolling_interest,361953.0,FY19Q1_160820180735.pdf
FY19,Q1,2018-06-30,權益,向非控制性權益簽出認沽期權,noncontrolling_interest,-364003.0,FY19Q1_160820180735.pdf
FY19,Q1,2018-06-30,合计,總權益,total_equity,4338118.0,FY19Q1_160820180735.pdf
FY19,Q1,2018-06-30,非流動負債,貸款,long_term_debt,1842234.0,FY19Q1_160820180735.pdf
FY19,Q1,2018-06-30,非流動負債,保修費撥備,other_noncurrent_liabilities,266533.0,FY19Q1_160820180735.pdf
FY19,Q1,2018-06-30,非流動負債,遞延收益,deferred_revenue_noncurrent,600912.0,FY19Q1_160820180735.pdf
FY19,Q1,2018-06-30,非流動負債,退休福利責任,other_noncurrent_liabilities,420184.0,FY19Q1_160820180735.pdf
FY19,Q1,2018-06-30,非流動負債,遞延所得稅項負債,other_noncurrent_liabilities,274317.0,FY19Q1_160820180735.pdf
FY19,Q1,2018-06-30,非流動負債,其他非流動負債,other_noncurrent_liabilities,553810.0,FY19Q1_160820180735.pdf
FY19,Q1,2018-06-30,非流動負債,[非流動負債小计],_subtotal_非流動負債,3957990.0,FY19Q1_160820180735.pdf
FY19,Q1,2018-06-30,流動負債,應付貿易賬款,accounts_payable,7919634.0,FY19Q1_160820180735.pdf
FY19,Q1,2018-06-30,流動負債,應付票據,accounts_payable,831441.0,FY19Q1_160820180735.pdf
FY19,Q1,2018-06-30,流動負債,衍生金融負債,other_current_liabilities,49380.0,FY19Q1_160820180735.pdf
FY19,Q1,2018-06-30,流動負債,其他應付賬款及應計費用,accrued_liabilities,9871546.0,FY19Q1_160820180735.pdf
FY19,Q1,2018-06-30,流動負債,撥備,other_current_liabilities,798393.0,FY19Q1_160820180735.pdf
FY19,Q1,2018-06-30,流動負債,遞延收益,deferred_revenue_current,731525.0,FY19Q1_160820180735.pdf
FY19,Q1,2018-06-30,流動負債,應付所得稅項,other_current_liabilities,174788.0,FY19Q1_160820180735.pdf
FY19,Q1,2018-06-30,流動負債,貸款,short_term_debt,2638543.0,FY19Q1_160820180735.pdf
FY19,Q1,2018-06-30,流動負債,[流動負債小计],_subtotal_流動負債,23015250.0,FY19Q1_160820180735.pdf
FY19,Q1,2018-06-30,合计,總負債,total_liabilities,26973240.0,FY19Q1_160820180735.pdf
FY19,Q1,2018-06-30,合计,總權益及負債,total_liabilities_and_equity,31311358.0,FY19Q1_160820180735.pdf
FY19,Q2,2018-09-30,非流動資產,物業、廠房及設備,ppe_net,1232127.0,FY19Q2_081120181217.pdf
FY19,Q2,2018-09-30,非流動資產,預付土地租賃款項,other_noncurrent_assets,458781.0,FY19Q2_081120181217.pdf
FY19,Q2,2018-09-30,非流動資產,在建工程,ppe_net,282542.0,FY19Q2_081120181217.pdf
FY19,Q2,2018-09-30,非流動資產,無形資產,intangibles,8286321.0,FY19Q2_081120181217.pdf
FY19,Q2,2018-09-30,非流動資產,於聯營公司及合營公司權益,other_noncurrent_assets,52066.0,FY19Q2_081120181217.pdf
FY19,Q2,2018-09-30,非流動資產,遞延所得稅項資產,other_noncurrent_assets,1674742.0,FY19Q2_081120181217.pdf
FY19,Q2,2018-09-30,非流動資產,可供出售金融資產,other_noncurrent_assets,,FY19Q2_081120181217.pdf
FY19,Q2,2018-09-30,非流動資產,以公允價值計量且其變動計入損益的金融資產,other_noncurrent_assets,373778.0,FY19Q2_081120181217.pdf
FY19,Q2,2018-09-30,非流動資產,以公允價值計量且其變動計入其他全面收益的金融資產,other_noncurrent_assets,80796.0,FY19Q2_081120181217.pdf
FY19,Q2,2018-09-30,非流動資產,其他非流動資產,other_noncurrent_assets,118744.0,FY19Q2_081120181217.pdf
FY19,Q2,2018-09-30,非流動資產,[非流動資產小计],_subtotal_非流動資產,12559897.0,FY19Q2_081120181217.pdf
FY19,Q2,2018-09-30,流動資產,存貨,inventory,4280931.0,FY19Q2_081120181217.pdf
FY19,Q2,2018-09-30,流動資產,應收貿易賬款,accounts_receivable,6097261.0,FY19Q2_081120181217.pdf
FY19,Q2,2018-09-30,流動資產,應收票據,accounts_receivable,35258.0,FY19Q2_081120181217.pdf
FY19,Q2,2018-09-30,流動資產,衍生金融資產,other_current_assets,97164.0,FY19Q2_081120181217.pdf
FY19,Q2,2018-09-30,流動資產,按金、預付款項及其他應收賬款,other_current_assets,5298712.0,FY19Q2_081120181217.pdf
FY19,Q2,2018-09-30,流動資產,可收回所得稅款,other_current_assets,193296.0,FY19Q2_081120181217.pdf
FY19,Q2,2018-09-30,流動資產,銀行存款,short_term_investments,112303.0,FY19Q2_081120181217.pdf
FY19,Q2,2018-09-30,流動資產,現金及現金等價物,cash,2212532.0,FY19Q2_081120181217.pdf
FY19,Q2,2018-09-30,流動資產,[流動資產小计],_subtotal_流動資產,18327457.0,FY19Q2_081120181217.pdf
FY19,Q2,2018-09-30,合计,總資產,total_assets,30887354.0,FY19Q2_081120181217.pdf
FY19,Q2,2018-09-30,權益,其他非控制性權益,noncontrolling_interest,381001.0,FY19Q2_081120181217.pdf
FY19,Q2,2018-09-30,權益,向非控制性權益簽出認沽期權,noncontrolling_interest,-442657.0,FY19Q2_081120181217.pdf
FY19,Q2,2018-09-30,合计,總權益,total_equity,3953312.0,FY19Q2_081120181217.pdf
FY19,Q2,2018-09-30,非流動負債,貸款,long_term_debt,1820129.0,FY19Q2_081120181217.pdf
FY19,Q2,2018-09-30,非流動負債,保修費撥備,other_noncurrent_liabilities,265339.0,FY19Q2_081120181217.pdf
FY19,Q2,2018-09-30,非流動負債,遞延收益,deferred_revenue_noncurrent,652201.0,FY19Q2_081120181217.pdf
FY19,Q2,2018-09-30,非流動負債,退休福利責任,other_noncurrent_liabilities,419140.0,FY19Q2_081120181217.pdf
FY19,Q2,2018-09-30,非流動負債,遞延所得稅項負債,other_noncurrent_liabilities,328520.0,FY19Q2_081120181217.pdf
FY19,Q2,2018-09-30,非流動負債,其他非流動負債,other_noncurrent_liabilities,856733.0,FY19Q2_081120181217.pdf
FY19,Q2,2018-09-30,非流動負債,[非流動負債小计],_subtotal_非流動負債,4342062.0,FY19Q2_081120181217.pdf
FY19,Q2,2018-09-30,流動負債,應付貿易賬款,accounts_payable,7281937.0,FY19Q2_081120181217.pdf
FY19,Q2,2018-09-30,流動負債,應付票據,accounts_payable,619883.0,FY19Q2_081120181217.pdf
FY19,Q2,2018-09-30,流動負債,衍生金融負債,other_current_liabilities,56011.0,FY19Q2_081120181217.pdf
FY19,Q2,2018-09-30,流動負債,其他應付賬款及應計費用,accrued_liabilities,10279652.0,FY19Q2_081120181217.pdf
FY19,Q2,2018-09-30,流動負債,撥備,other_current_liabilities,774416.0,FY19Q2_081120181217.pdf
FY19,Q2,2018-09-30,流動負債,遞延收益,deferred_revenue_current,715268.0,FY19Q2_081120181217.pdf
FY19,Q2,2018-09-30,流動負債,應付所得稅項,other_current_liabilities,225043.0,FY19Q2_081120181217.pdf
FY19,Q2,2018-09-30,流動負債,貸款,short_term_debt,2639770.0,FY19Q2_081120181217.pdf
FY19,Q2,2018-09-30,流動負債,[流動負債小计],_subtotal_流動負債,22591980.0,FY19Q2_081120181217.pdf
FY19,Q2,2018-09-30,合计,總負債,total_liabilities,26934042.0,FY19Q2_081120181217.pdf
FY19,Q2,2018-09-30,合计,總權益及負債,total_liabilities_and_equity,30887354.0,FY19Q2_081120181217.pdf
FY19,Q3,2018-12-31,非流動資產,物業、廠房及設備,ppe_net,1410876.0,FY19Q3_210220190728.pdf
FY19,Q3,2018-12-31,非流動資產,預付土地租賃款項,other_noncurrent_assets,456134.0,FY19Q3_210220190728.pdf
FY19,Q3,2018-12-31,非流動資產,在建工程,ppe_net,158026.0,FY19Q3_210220190728.pdf
FY19,Q3,2018-12-31,非流動資產,無形資產,intangibles,8296671.0,FY19Q3_210220190728.pdf
FY19,Q3,2018-12-31,非流動資產,於聯營公司及合營公司權益,other_noncurrent_assets,73281.0,FY19Q3_210220190728.pdf
FY19,Q3,2018-12-31,非流動資產,遞延所得稅項資產,other_noncurrent_assets,1759889.0,FY19Q3_210220190728.pdf
FY19,Q3,2018-12-31,非流動資產,可供出售金融資產,other_noncurrent_assets,,FY19Q3_210220190728.pdf
FY19,Q3,2018-12-31,非流動資產,以公允價值計量且其變動計入損益的金融資產,other_noncurrent_assets,406340.0,FY19Q3_210220190728.pdf
FY19,Q3,2018-12-31,非流動資產,以公允價值計量且其變動計入其他全面收益的金融資產,other_noncurrent_assets,80071.0,FY19Q3_210220190728.pdf
FY19,Q3,2018-12-31,非流動資產,其他非流動資產,other_noncurrent_assets,157523.0,FY19Q3_210220190728.pdf
FY19,Q3,2018-12-31,非流動資產,[非流動資產小计],_subtotal_非流動資產,12798811.0,FY19Q3_210220190728.pdf
FY19,Q3,2018-12-31,流動資產,存貨,inventory,3792336.0,FY19Q3_210220190728.pdf
FY19,Q3,2018-12-31,流動資產,應收貿易賬款,accounts_receivable,6555272.0,FY19Q3_210220190728.pdf
FY19,Q3,2018-12-31,流動資產,應收票據,accounts_receivable,13871.0,FY19Q3_210220190728.pdf
FY19,Q3,2018-12-31,流動資產,衍生金融資產,other_current_assets,45243.0,FY19Q3_210220190728.pdf
FY19,Q3,2018-12-31,流動資產,按金、預付款項及其他應收賬款,other_current_assets,4379050.0,FY19Q3_210220190728.pdf
FY19,Q3,2018-12-31,流動資產,可收回所得稅款,other_current_assets,185532.0,FY19Q3_210220190728.pdf
FY19,Q3,2018-12-31,流動資產,銀行存款,short_term_investments,108631.0,FY19Q3_210220190728.pdf
FY19,Q3,2018-12-31,流動資產,現金及現金等價物,cash,3399860.0,FY19Q3_210220190728.pdf
FY19,Q3,2018-12-31,流動資產,[流動資產小计],_subtotal_流動資產,18479795.0,FY19Q3_210220190728.pdf
FY19,Q3,2018-12-31,合计,總資產,total_assets,31278606.0,FY19Q3_210220190728.pdf
FY19,Q3,2018-12-31,權益,其他非控制性權益,noncontrolling_interest,394524.0,FY19Q3_210220190728.pdf
FY19,Q3,2018-12-31,權益,向非控制性權益簽出認沽期權,noncontrolling_interest,-703341.0,FY19Q3_210220190728.pdf
FY19,Q3,2018-12-31,合计,總權益,total_equity,3869975.0,FY19Q3_210220190728.pdf
FY19,Q3,2018-12-31,非流動負債,貸款,long_term_debt,1821205.0,FY19Q3_210220190728.pdf
FY19,Q3,2018-12-31,非流動負債,保修費撥備,other_noncurrent_liabilities,261896.0,FY19Q3_210220190728.pdf
FY19,Q3,2018-12-31,非流動負債,遞延收益,deferred_revenue_noncurrent,680113.0,FY19Q3_210220190728.pdf
FY19,Q3,2018-12-31,非流動負債,退休福利責任,other_noncurrent_liabilities,419514.0,FY19Q3_210220190728.pdf
FY19,Q3,2018-12-31,非流動負債,遞延所得稅項負債,other_noncurrent_liabilities,355322.0,FY19Q3_210220190728.pdf
FY19,Q3,2018-12-31,非流動負債,其他非流動負債,other_noncurrent_liabilities,1086527.0,FY19Q3_210220190728.pdf
FY19,Q3,2018-12-31,非流動負債,[非流動負債小计],_subtotal_非流動負債,4624577.0,FY19Q3_210220190728.pdf
FY19,Q3,2018-12-31,流動負債,應付貿易賬款,accounts_payable,7339844.0,FY19Q3_210220190728.pdf
FY19,Q3,2018-12-31,流動負債,應付票據,accounts_payable,1034310.0,FY19Q3_210220190728.pdf
FY19,Q3,2018-12-31,流動負債,衍生金融負債,other_current_liabilities,70569.0,FY19Q3_210220190728.pdf
FY19,Q3,2018-12-31,流動負債,其他應付賬款及應計費用,accrued_liabilities,9892898.0,FY19Q3_210220190728.pdf
FY19,Q3,2018-12-31,流動負債,撥備,other_current_liabilities,788003.0,FY19Q3_210220190728.pdf
FY19,Q3,2018-12-31,流動負債,遞延收益,deferred_revenue_current,734916.0,FY19Q3_210220190728.pdf
FY19,Q3,2018-12-31,流動負債,應付所得稅項,other_current_liabilities,282509.0,FY19Q3_210220190728.pdf
FY19,Q3,2018-12-31,流動負債,貸款,short_term_debt,2641005.0,FY19Q3_210220190728.pdf
FY19,Q3,2018-12-31,流動負債,[流動負債小计],_subtotal_流動負債,22784054.0,FY19Q3_210220190728.pdf
FY19,Q3,2018-12-31,合计,總負債,total_liabilities,27408631.0,FY19Q3_210220190728.pdf
FY19,Q3,2018-12-31,合计,總權益及負債,total_liabilities_and_equity,31278606.0,FY19Q3_210220190728.pdf
FY19,Q4,2019-03-31,非流動資產,物業、廠房及設備,ppe_net,1430817.0,FY19Q4_230520191211.pdf
FY19,Q4,2019-03-31,非流動資產,預付土地租賃款項,other_noncurrent_assets,463996.0,FY19Q4_230520191211.pdf
FY19,Q4,2019-03-31,非流動資產,在建工程,ppe_net,232097.0,FY19Q4_230520191211.pdf
FY19,Q4,2019-03-31,非流動資產,無形資產,intangibles,8324575.0,FY19Q4_230520191211.pdf
FY19,Q4,2019-03-31,非流動資產,於聯營公司及合營公司權益,other_noncurrent_assets,79061.0,FY19Q4_230520191211.pdf
FY19,Q4,2019-03-31,非流動資產,遞延所得稅項資產,other_noncurrent_assets,1862902.0,FY19Q4_230520191211.pdf
FY19,Q4,2019-03-31,非流動資產,可供出售金融資產,other_noncurrent_assets,,FY19Q4_230520191211.pdf
FY19,Q4,2019-03-31,非流動資產,以公允價值計量且其變動計入損益的金融資產,other_noncurrent_assets,449363.0,FY19Q4_230520191211.pdf
FY19,Q4,2019-03-31,非流動資產,以公允價值計量且其變動計入其他全面收益的金融資產,other_noncurrent_assets,71486.0,FY19Q4_230520191211.pdf
FY19,Q4,2019-03-31,非流動資產,其他非流動資產,other_noncurrent_assets,187985.0,FY19Q4_230520191211.pdf
FY19,Q4,2019-03-31,非流動資產,[非流動資產小计],_subtotal_非流動資產,13102282.0,FY19Q4_230520191211.pdf
FY19,Q4,2019-03-31,流動資產,存貨,inventory,3434660.0,FY19Q4_230520191211.pdf
FY19,Q4,2019-03-31,流動資產,應收貿易賬款,accounts_receivable,6661484.0,FY19Q4_230520191211.pdf
FY19,Q4,2019-03-31,流動資產,應收票據,accounts_receivable,46454.0,FY19Q4_230520191211.pdf
FY19,Q4,2019-03-31,流動資產,衍生金融資產,other_current_assets,70972.0,FY19Q4_230520191211.pdf
FY19,Q4,2019-03-31,流動資產,按金、預付款項及其他應收賬款,other_current_assets,3753926.0,FY19Q4_230520191211.pdf
FY19,Q4,2019-03-31,流動資產,可收回所得稅款,other_current_assets,185643.0,FY19Q4_230520191211.pdf
FY19,Q4,2019-03-31,流動資產,銀行存款,short_term_investments,70210.0,FY19Q4_230520191211.pdf
FY19,Q4,2019-03-31,流動資產,現金及現金等價物,cash,2662854.0,FY19Q4_230520191211.pdf
FY19,Q4,2019-03-31,流動資產,[流動資產小计],_subtotal_流動資產,16886203.0,FY19Q4_230520191211.pdf
FY19,Q4,2019-03-31,合计,總資產,total_assets,29988485.0,FY19Q4_230520191211.pdf
FY19,Q4,2019-03-31,權益,其他非控制性權益,noncontrolling_interest,473178.0,FY19Q4_230520191211.pdf
FY19,Q4,2019-03-31,權益,向非控制性權益簽出認沽期權,noncontrolling_interest,-766238.0,FY19Q4_230520191211.pdf
FY19,Q4,2019-03-31,合计,總權益,total_equity,4097063.0,FY19Q4_230520191211.pdf
FY19,Q4,2019-03-31,非流動負債,貸款,long_term_debt,2426770.0,FY19Q4_230520191211.pdf
FY19,Q4,2019-03-31,非流動負債,保修費撥備,other_noncurrent_liabilities,254601.0,FY19Q4_230520191211.pdf
FY19,Q4,2019-03-31,非流動負債,遞延收益,deferred_revenue_noncurrent,678137.0,FY19Q4_230520191211.pdf
FY19,Q4,2019-03-31,非流動負債,退休福利責任,other_noncurrent_liabilities,434246.0,FY19Q4_230520191211.pdf
FY19,Q4,2019-03-31,非流動負債,遞延所得稅項負債,other_noncurrent_liabilities,359679.0,FY19Q4_230520191211.pdf
FY19,Q4,2019-03-31,非流動負債,其他非流動負債,other_noncurrent_liabilities,1247646.0,FY19Q4_230520191211.pdf
FY19,Q4,2019-03-31,非流動負債,[非流動負債小计],_subtotal_非流動負債,5401079.0,FY19Q4_230520191211.pdf
FY19,Q4,2019-03-31,流動負債,應付貿易賬款,accounts_payable,6429835.0,FY19Q4_230520191211.pdf
FY19,Q4,2019-03-31,流動負債,應付票據,accounts_payable,1272840.0,FY19Q4_230520191211.pdf
FY19,Q4,2019-03-31,流動負債,衍生金融負債,other_current_liabilities,74426.0,FY19Q4_230520191211.pdf
FY19,Q4,2019-03-31,流動負債,其他應付賬款及應計費用,accrued_liabilities,8942336.0,FY19Q4_230520191211.pdf
FY19,Q4,2019-03-31,流動負債,撥備,other_current_liabilities,738688.0,FY19Q4_230520191211.pdf
FY19,Q4,2019-03-31,流動負債,遞延收益,deferred_revenue_current,780951.0,FY19Q4_230520191211.pdf
FY19,Q4,2019-03-31,流動負債,應付所得稅項,other_current_liabilities,298224.0,FY19Q4_230520191211.pdf
FY19,Q4,2019-03-31,流動負債,貸款,short_term_debt,1953043.0,FY19Q4_230520191211.pdf
FY19,Q4,2019-03-31,流動負債,[流動負債小计],_subtotal_流動負債,20490343.0,FY19Q4_230520191211.pdf
FY19,Q4,2019-03-31,合计,總負債,total_liabilities,25891422.0,FY19Q4_230520191211.pdf
FY19,Q4,2019-03-31,合计,總權益及負債,total_liabilities_and_equity,29988485.0,FY19Q4_230520191211.pdf
FY20,Q1,2019-06-30,非流動資產,物業、廠房及設備,ppe_net,1683516.0,FY20Q1_150820190745.pdf
FY20,Q1,2019-06-30,非流動資產,預付土地租賃款項,other_noncurrent_assets,450878.0,FY20Q1_150820190745.pdf
FY20,Q1,2019-06-30,非流動資產,在建工程,ppe_net,252847.0,FY20Q1_150820190745.pdf
FY20,Q1,2019-06-30,非流動資產,無形資產,intangibles,8391478.0,FY20Q1_150820190745.pdf
FY20,Q1,2019-06-30,非流動資產,於聯營公司及合營公司權益,other_noncurrent_assets,77685.0,FY20Q1_150820190745.pdf
FY20,Q1,2019-06-30,非流動資產,遞延所得稅項資產,other_noncurrent_assets,1896184.0,FY20Q1_150820190745.pdf
FY20,Q1,2019-06-30,非流動資產,以公允價值計量且其變動計入損益的金融資產,other_noncurrent_assets,409532.0,FY20Q1_150820190745.pdf
FY20,Q1,2019-06-30,非流動資產,以公允價值計量且其變動計入其他全面收益的金融資產,other_noncurrent_assets,67496.0,FY20Q1_150820190745.pdf
FY20,Q1,2019-06-30,非流動資產,其他非流動資產,other_noncurrent_assets,173794.0,FY20Q1_150820190745.pdf
FY20,Q1,2019-06-30,非流動資產,[非流動資產小计],_subtotal_非流動資產,13403410.0,FY20Q1_150820190745.pdf
FY20,Q1,2019-06-30,流動資產,存貨,inventory,3573037.0,FY20Q1_150820190745.pdf
FY20,Q1,2019-06-30,流動資產,應收貿易賬款,accounts_receivable,8409544.0,FY20Q1_150820190745.pdf
FY20,Q1,2019-06-30,流動資產,應收票據,accounts_receivable,20324.0,FY20Q1_150820190745.pdf
FY20,Q1,2019-06-30,流動資產,衍生金融資產,other_current_assets,21517.0,FY20Q1_150820190745.pdf
FY20,Q1,2019-06-30,流動資產,按金、預付款項及其他應收賬款,other_current_assets,3992005.0,FY20Q1_150820190745.pdf
FY20,Q1,2019-06-30,流動資產,可收回所得稅款,other_current_assets,203730.0,FY20Q1_150820190745.pdf
FY20,Q1,2019-06-30,流動資產,銀行存款,short_term_investments,70581.0,FY20Q1_150820190745.pdf
FY20,Q1,2019-06-30,流動資產,現金及現金等價物,cash,2717405.0,FY20Q1_150820190745.pdf
FY20,Q1,2019-06-30,流動資產,[流動資產小计],_subtotal_流動資產,19008143.0,FY20Q1_150820190745.pdf
FY20,Q1,2019-06-30,合计,總資產,total_assets,32411553.0,FY20Q1_150820190745.pdf
FY20,Q1,2019-06-30,權益,其他非控制性權益,noncontrolling_interest,510905.0,FY20Q1_150820190745.pdf
FY20,Q1,2019-06-30,權益,向非控制性權益簽出認沽期權,noncontrolling_interest,-766238.0,FY20Q1_150820190745.pdf
FY20,Q1,2019-06-30,合计,總權益,total_equity,4256725.0,FY20Q1_150820190745.pdf
FY20,Q1,2019-06-30,非流動負債,貸款,long_term_debt,2136661.0,FY20Q1_150820190745.pdf
FY20,Q1,2019-06-30,非流動負債,保修費撥備,other_noncurrent_liabilities,250128.0,FY20Q1_150820190745.pdf
FY20,Q1,2019-06-30,非流動負債,遞延收益,deferred_revenue_noncurrent,734625.0,FY20Q1_150820190745.pdf
FY20,Q1,2019-06-30,非流動負債,退休福利責任,other_noncurrent_liabilities,433463.0,FY20Q1_150820190745.pdf
FY20,Q1,2019-06-30,非流動負債,遞延所得稅項負債,other_noncurrent_liabilities,363360.0,FY20Q1_150820190745.pdf
FY20,Q1,2019-06-30,非流動負債,其他非流動負債,other_noncurrent_liabilities,1391522.0,FY20Q1_150820190745.pdf
FY20,Q1,2019-06-30,非流動負債,[非流動負債小计],_subtotal_非流動負債,5309759.0,FY20Q1_150820190745.pdf
FY20,Q1,2019-06-30,流動負債,應付貿易賬款,accounts_payable,6736722.0,FY20Q1_150820190745.pdf
FY20,Q1,2019-06-30,流動負債,應付票據,accounts_payable,1325662.0,FY20Q1_150820190745.pdf
FY20,Q1,2019-06-30,流動負債,衍生金融負債,other_current_liabilities,70264.0,FY20Q1_150820190745.pdf
FY20,Q1,2019-06-30,流動負債,其他應付賬款及應計費用,accrued_liabilities,10221254.0,FY20Q1_150820190745.pdf
FY20,Q1,2019-06-30,流動負債,撥備,other_current_liabilities,735094.0,FY20Q1_150820190745.pdf
FY20,Q1,2019-06-30,流動負債,遞延收益,deferred_revenue_current,775510.0,FY20Q1_150820190745.pdf
FY20,Q1,2019-06-30,流動負債,應付所得稅項,other_current_liabilities,211351.0,FY20Q1_150820190745.pdf
FY20,Q1,2019-06-30,流動負債,貸款,short_term_debt,2769212.0,FY20Q1_150820190745.pdf
FY20,Q1,2019-06-30,流動負債,[流動負債小计],_subtotal_流動負債,22845069.0,FY20Q1_150820190745.pdf
FY20,Q1,2019-06-30,合计,總負債,total_liabilities,28154828.0,FY20Q1_150820190745.pdf
FY20,Q1,2019-06-30,合计,總權益及負債,total_liabilities_and_equity,32411553.0,FY20Q1_150820190745.pdf
FY20,Q2,2019-09-30,非流動資產,物業、廠房及設備,ppe_net,1683495.0,FY20Q2_071120191202.pdf
FY20,Q2,2019-09-30,非流動資產,預付土地租賃款項,other_noncurrent_assets,431503.0,FY20Q2_071120191202.pdf
FY20,Q2,2019-09-30,非流動資產,在建工程,ppe_net,254424.0,FY20Q2_071120191202.pdf
FY20,Q2,2019-09-30,非流動資產,無形資產,intangibles,8196730.0,FY20Q2_071120191202.pdf
FY20,Q2,2019-09-30,非流動資產,於聯營公司及合營公司權益,other_noncurrent_assets,73229.0,FY20Q2_071120191202.pdf
FY20,Q2,2019-09-30,非流動資產,遞延所得稅項資產,other_noncurrent_assets,1961594.0,FY20Q2_071120191202.pdf
FY20,Q2,2019-09-30,非流動資產,以公允價值計量且其變動計入損益的金融資產,other_noncurrent_assets,416563.0,FY20Q2_071120191202.pdf
FY20,Q2,2019-09-30,非流動資產,以公允價值計量且其變動計入其他全面收益的金融資產,other_noncurrent_assets,66551.0,FY20Q2_071120191202.pdf
FY20,Q2,2019-09-30,非流動資產,其他非流動資產,other_noncurrent_assets,188606.0,FY20Q2_071120191202.pdf
FY20,Q2,2019-09-30,非流動資產,[非流動資產小计],_subtotal_非流動資產,13272695.0,FY20Q2_071120191202.pdf
FY20,Q2,2019-09-30,流動資產,存貨,inventory,3816910.0,FY20Q2_071120191202.pdf
FY20,Q2,2019-09-30,流動資產,應收貿易賬款,accounts_receivable,8253337.0,FY20Q2_071120191202.pdf
FY20,Q2,2019-09-30,流動資產,應收票據,accounts_receivable,55834.0,FY20Q2_071120191202.pdf
FY20,Q2,2019-09-30,流動資產,衍生金融資產,other_current_assets,90017.0,FY20Q2_071120191202.pdf
FY20,Q2,2019-09-30,流動資產,按金、預付款項及其他應收賬款,other_current_assets,4316133.0,FY20Q2_071120191202.pdf
FY20,Q2,2019-09-30,流動資產,可收回所得稅款,other_current_assets,208355.0,FY20Q2_071120191202.pdf
FY20,Q2,2019-09-30,流動資產,銀行存款,short_term_investments,65227.0,FY20Q2_071120191202.pdf
FY20,Q2,2019-09-30,流動資產,現金及現金等價物,cash,3310940.0,FY20Q2_071120191202.pdf
FY20,Q2,2019-09-30,流動資產,[流動資產小计],_subtotal_流動資產,20116753.0,FY20Q2_071120191202.pdf
FY20,Q2,2019-09-30,合计,總資產,total_assets,33389448.0,FY20Q2_071120191202.pdf
FY20,Q2,2019-09-30,權益,其他非控制性權益,noncontrolling_interest,538435.0,FY20Q2_071120191202.pdf
FY20,Q2,2019-09-30,權益,向非控制性權益簽出認沽期權,noncontrolling_interest,-766238.0,FY20Q2_071120191202.pdf
FY20,Q2,2019-09-30,合计,總權益,total_equity,4014511.0,FY20Q2_071120191202.pdf
FY20,Q2,2019-09-30,非流動負債,貸款,long_term_debt,2141383.0,FY20Q2_071120191202.pdf
FY20,Q2,2019-09-30,非流動負債,保修費撥備,other_noncurrent_liabilities,254769.0,FY20Q2_071120191202.pdf
FY20,Q2,2019-09-30,非流動負債,遞延收益,deferred_revenue_noncurrent,784061.0,FY20Q2_071120191202.pdf
FY20,Q2,2019-09-30,非流動負債,退休福利責任,other_noncurrent_liabilities,424934.0,FY20Q2_071120191202.pdf
FY20,Q2,2019-09-30,非流動負債,遞延所得稅項負債,other_noncurrent_liabilities,355037.0,FY20Q2_071120191202.pdf
FY20,Q2,2019-09-30,非流動負債,其他非流動負債,other_noncurrent_liabilities,1375067.0,FY20Q2_071120191202.pdf
FY20,Q2,2019-09-30,非流動負債,[非流動負債小计],_subtotal_非流動負債,5335251.0,FY20Q2_071120191202.pdf
FY20,Q2,2019-09-30,流動負債,應付貿易賬款,accounts_payable,7857686.0,FY20Q2_071120191202.pdf
FY20,Q2,2019-09-30,流動負債,應付票據,accounts_payable,1253503.0,FY20Q2_071120191202.pdf
FY20,Q2,2019-09-30,流動負債,衍生金融負債,other_current_liabilities,37345.0,FY20Q2_071120191202.pdf
FY20,Q2,2019-09-30,流動負債,其他應付賬款及應計費用,accrued_liabilities,10428998.0,FY20Q2_071120191202.pdf
FY20,Q2,2019-09-30,流動負債,撥備,other_current_liabilities,715332.0,FY20Q2_071120191202.pdf
FY20,Q2,2019-09-30,流動負債,遞延收益,deferred_revenue_current,770229.0,FY20Q2_071120191202.pdf
FY20,Q2,2019-09-30,流動負債,應付所得稅項,other_current_liabilities,328442.0,FY20Q2_071120191202.pdf
FY20,Q2,2019-09-30,流動負債,貸款,short_term_debt,2648151.0,FY20Q2_071120191202.pdf
FY20,Q2,2019-09-30,流動負債,[流動負債小计],_subtotal_流動負債,24039686.0,FY20Q2_071120191202.pdf
FY20,Q2,2019-09-30,合计,總負債,total_liabilities,29374937.0,FY20Q2_071120191202.pdf
FY20,Q2,2019-09-30,合计,總權益及負債,total_liabilities_and_equity,33389448.0,FY20Q2_071120191202.pdf
FY20,Q3,2019-12-31,非流動資產,物業、廠房及設備,ppe_net,1731501.0,FY20Q3_200220201201.pdf
FY20,Q3,2019-12-31,非流動資產,預付土地租賃款項,other_noncurrent_assets,439437.0,FY20Q3_200220201201.pdf
FY20,Q3,2019-12-31,非流動資產,在建工程,ppe_net,284594.0,FY20Q3_200220201201.pdf
FY20,Q3,2019-12-31,非流動資產,無形資產,intangibles,8230856.0,FY20Q3_200220201201.pdf
FY20,Q3,2019-12-31,非流動資產,於聯營公司及合營公司權益,other_noncurrent_assets,63746.0,FY20Q3_200220201201.pdf
FY20,Q3,2019-12-31,非流動資產,遞延所得稅項資產,other_noncurrent_assets,2040620.0,FY20Q3_200220201201.pdf
FY20,Q3,2019-12-31,非流動資產,以公允價值計量且其變動計入損益的金融資產,other_noncurrent_assets,487674.0,FY20Q3_200220201201.pdf
FY20,Q3,2019-12-31,非流動資產,以公允價值計量且其變動計入其他全面收益的金融資產,other_noncurrent_assets,66813.0,FY20Q3_200220201201.pdf
FY20,Q3,2019-12-31,非流動資產,其他非流動資產,other_noncurrent_assets,235076.0,FY20Q3_200220201201.pdf
FY20,Q3,2019-12-31,非流動資產,[非流動資產小计],_subtotal_非流動資產,13580317.0,FY20Q3_200220201201.pdf
FY20,Q3,2019-12-31,流動資產,存貨,inventory,3998396.0,FY20Q3_200220201201.pdf
FY20,Q3,2019-12-31,流動資產,應收貿易賬款,accounts_receivable,9159206.0,FY20Q3_200220201201.pdf
FY20,Q3,2019-12-31,流動資產,應收票據,accounts_receivable,83232.0,FY20Q3_200220201201.pdf
FY20,Q3,2019-12-31,流動資產,衍生金融資產,other_current_assets,25248.0,FY20Q3_200220201201.pdf
FY20,Q3,2019-12-31,流動資產,按金、預付款項及其他應收賬款,other_current_assets,4406367.0,FY20Q3_200220201201.pdf
FY20,Q3,2019-12-31,流動資產,可收回所得稅款,other_current_assets,187580.0,FY20Q3_200220201201.pdf
FY20,Q3,2019-12-31,流動資產,銀行存款,short_term_investments,65079.0,FY20Q3_200220201201.pdf
FY20,Q3,2019-12-31,流動資產,現金及現金等價物,cash,3520919.0,FY20Q3_200220201201.pdf
FY20,Q3,2019-12-31,流動資產,[流動資產小计],_subtotal_流動資產,21446027.0,FY20Q3_200220201201.pdf
FY20,Q3,2019-12-31,合计,總資產,total_assets,35026344.0,FY20Q3_200220201201.pdf
FY20,Q3,2019-12-31,權益,其他非控制性權益,noncontrolling_interest,623934.0,FY20Q3_200220201201.pdf
FY20,Q3,2019-12-31,權益,向非控制性權益簽出認沽期權,noncontrolling_interest,-766238.0,FY20Q3_200220201201.pdf
FY20,Q3,2019-12-31,合计,總權益,total_equity,4295297.0,FY20Q3_200220201201.pdf
FY20,Q3,2019-12-31,非流動負債,貸款,long_term_debt,2153138.0,FY20Q3_200220201201.pdf
FY20,Q3,2019-12-31,非流動負債,保修費撥備,other_noncurrent_liabilities,268036.0,FY20Q3_200220201201.pdf
FY20,Q3,2019-12-31,非流動負債,遞延收益,deferred_revenue_noncurrent,865823.0,FY20Q3_200220201201.pdf
FY20,Q3,2019-12-31,非流動負債,退休福利責任,other_noncurrent_liabilities,435561.0,FY20Q3_200220201201.pdf
FY20,Q3,2019-12-31,非流動負債,遞延所得稅項負債,other_noncurrent_liabilities,355037.0,FY20Q3_200220201201.pdf
FY20,Q3,2019-12-31,非流動負債,其他非流動負債,other_noncurrent_liabilities,1419999.0,FY20Q3_200220201201.pdf
FY20,Q3,2019-12-31,非流動負債,[非流動負債小计],_subtotal_非流動負債,5497594.0,FY20Q3_200220201201.pdf
FY20,Q3,2019-12-31,流動負債,應付貿易賬款,accounts_payable,8665819.0,FY20Q3_200220201201.pdf
FY20,Q3,2019-12-31,流動負債,應付票據,accounts_payable,1301932.0,FY20Q3_200220201201.pdf
FY20,Q3,2019-12-31,流動負債,衍生金融負債,other_current_liabilities,85609.0,FY20Q3_200220201201.pdf
FY20,Q3,2019-12-31,流動負債,其他應付賬款及應計費用,accrued_liabilities,10567858.0,FY20Q3_200220201201.pdf
FY20,Q3,2019-12-31,流動負債,撥備,other_current_liabilities,758720.0,FY20Q3_200220201201.pdf
FY20,Q3,2019-12-31,流動負債,遞延收益,deferred_revenue_current,832194.0,FY20Q3_200220201201.pdf
FY20,Q3,2019-12-31,流動負債,應付所得稅項,other_current_liabilities,357237.0,FY20Q3_200220201201.pdf
FY20,Q3,2019-12-31,流動負債,貸款,short_term_debt,2664084.0,FY20Q3_200220201201.pdf
FY20,Q3,2019-12-31,流動負債,[流動負債小计],_subtotal_流動負債,25233453.0,FY20Q3_200220201201.pdf
FY20,Q3,2019-12-31,合计,總負債,total_liabilities,30731047.0,FY20Q3_200220201201.pdf
FY20,Q3,2019-12-31,合计,總權益及負債,total_liabilities_and_equity,35026344.0,FY20Q3_200220201201.pdf
FY20,Q4,2020-03-31,非流動資產,物業、廠房及設備,ppe_net,1712856.0,FY20Q4_200520200704.pdf
FY20,Q4,2020-03-31,非流動資產,預付土地租賃款項,other_noncurrent_assets,497819.0,FY20Q4_200520200704.pdf
FY20,Q4,2020-03-31,非流動資產,在建工程,ppe_net,304241.0,FY20Q4_200520200704.pdf
FY20,Q4,2020-03-31,非流動資產,無形資產,intangibles,7984582.0,FY20Q4_200520200704.pdf
FY20,Q4,2020-03-31,非流動資產,於聯營公司及合營公司權益,other_noncurrent_assets,60307.0,FY20Q4_200520200704.pdf
FY20,Q4,2020-03-31,非流動資產,遞延所得稅項資產,other_noncurrent_assets,2059582.0,FY20Q4_200520200704.pdf
FY20,Q4,2020-03-31,非流動資產,以公允價值計量且其變動計入損益的金融資產,other_noncurrent_assets,494807.0,FY20Q4_200520200704.pdf
FY20,Q4,2020-03-31,非流動資產,以公允價值計量且其變動計入其他全面收益的金融資產,other_noncurrent_assets,56136.0,FY20Q4_200520200704.pdf
FY20,Q4,2020-03-31,非流動資產,其他非流動資產,other_noncurrent_assets,224396.0,FY20Q4_200520200704.pdf
FY20,Q4,2020-03-31,非流動資產,[非流動資產小计],_subtotal_非流動資產,13394726.0,FY20Q4_200520200704.pdf
FY20,Q4,2020-03-31,流動資產,存貨,inventory,4946914.0,FY20Q4_200520200704.pdf
FY20,Q4,2020-03-31,流動資產,應收貿易賬款,accounts_receivable,6263012.0,FY20Q4_200520200704.pdf
FY20,Q4,2020-03-31,流動資產,應收票據,accounts_receivable,11529.0,FY20Q4_200520200704.pdf
FY20,Q4,2020-03-31,流動資產,衍生金融資產,other_current_assets,138813.0,FY20Q4_200520200704.pdf
FY20,Q4,2020-03-31,流動資產,按金、預付款項及其他應收賬款,other_current_assets,3559239.0,FY20Q4_200520200704.pdf
FY20,Q4,2020-03-31,流動資產,可收回所得稅款,other_current_assets,196464.0,FY20Q4_200520200704.pdf
FY20,Q4,2020-03-31,流動資產,銀行存款,short_term_investments,66480.0,FY20Q4_200520200704.pdf
FY20,Q4,2020-03-31,流動資產,現金及現金等價物,cash,3550990.0,FY20Q4_200520200704.pdf
FY20,Q4,2020-03-31,流動資產,[流動資產小计],_subtotal_流動資產,18733441.0,FY20Q4_200520200704.pdf
FY20,Q4,2020-03-31,合计,總資產,total_assets,32128167.0,FY20Q4_200520200704.pdf
FY20,Q4,2020-03-31,權益,其他非控制性權益,noncontrolling_interest,634321.0,FY20Q4_200520200704.pdf
FY20,Q4,2020-03-31,權益,向非控制性權益簽出認沽期權,noncontrolling_interest,-766238.0,FY20Q4_200520200704.pdf
FY20,Q4,2020-03-31,合计,總權益,total_equity,4059295.0,FY20Q4_200520200704.pdf
FY20,Q4,2020-03-31,非流動負債,貸款,long_term_debt,1564619.0,FY20Q4_200520200704.pdf
FY20,Q4,2020-03-31,非流動負債,保修費撥備,other_noncurrent_liabilities,258840.0,FY20Q4_200520200704.pdf
FY20,Q4,2020-03-31,非流動負債,遞延收益,deferred_revenue_noncurrent,864805.0,FY20Q4_200520200704.pdf
FY20,Q4,2020-03-31,非流動負債,退休福利責任,other_noncurrent_liabilities,458386.0,FY20Q4_200520200704.pdf
FY20,Q4,2020-03-31,非流動負債,遞延所得稅項負債,other_noncurrent_liabilities,342805.0,FY20Q4_200520200704.pdf
FY20,Q4,2020-03-31,非流動負債,其他非流動負債,other_noncurrent_liabilities,1321296.0,FY20Q4_200520200704.pdf
FY20,Q4,2020-03-31,非流動負債,[非流動負債小计],_subtotal_非流動負債,4810751.0,FY20Q4_200520200704.pdf
FY20,Q4,2020-03-31,流動負債,應付貿易賬款,accounts_payable,7509724.0,FY20Q4_200520200704.pdf
FY20,Q4,2020-03-31,流動負債,應付票據,accounts_payable,1458645.0,FY20Q4_200520200704.pdf
FY20,Q4,2020-03-31,流動負債,衍生金融負債,other_current_liabilities,73784.0,FY20Q4_200520200704.pdf
FY20,Q4,2020-03-31,流動負債,其他應付賬款及應計費用,accrued_liabilities,9025643.0,FY20Q4_200520200704.pdf
FY20,Q4,2020-03-31,流動負債,撥備,other_current_liabilities,718771.0,FY20Q4_200520200704.pdf
FY20,Q4,2020-03-31,流動負債,遞延收益,deferred_revenue_current,819199.0,FY20Q4_200520200704.pdf
FY20,Q4,2020-03-31,流動負債,應付所得稅項,other_current_liabilities,357375.0,FY20Q4_200520200704.pdf
FY20,Q4,2020-03-31,流動負債,貸款,short_term_debt,3294980.0,FY20Q4_200520200704.pdf
FY20,Q4,2020-03-31,流動負債,[流動負債小计],_subtotal_流動負債,23258121.0,FY20Q4_200520200704.pdf
FY20,Q4,2020-03-31,合计,總負債,total_liabilities,28068872.0,FY20Q4_200520200704.pdf
FY20,Q4,2020-03-31,合计,總權益及負債,total_liabilities_and_equity,32128167.0,FY20Q4_200520200704.pdf
FY21,Q1,2020-06-30,非流動資產,物業、廠房及設備,ppe_net,1388316.0,FY21Q1_130820201201.pdf
FY21,Q1,2020-06-30,非流動資產,使用權資產,other_noncurrent_assets,789434.0,FY21Q1_130820201201.pdf
FY21,Q1,2020-06-30,非流動資產,在建工程,ppe_net,294728.0,FY21Q1_130820201201.pdf
FY21,Q1,2020-06-30,非流動資產,無形資產,intangibles,7991522.0,FY21Q1_130820201201.pdf
FY21,Q1,2020-06-30,非流動資產,於聯營公司及合營公司權益,other_noncurrent_assets,87024.0,FY21Q1_130820201201.pdf
FY21,Q1,2020-06-30,非流動資產,遞延所得稅項資產,other_noncurrent_assets,2079411.0,FY21Q1_130820201201.pdf
FY21,Q1,2020-06-30,非流動資產,以公允價值計量且其變動計入損益的金融資產,other_noncurrent_assets,551131.0,FY21Q1_130820201201.pdf
FY21,Q1,2020-06-30,非流動資產,以公允價值計量且其變動計入其他全面收益的金融資產,other_noncurrent_assets,63546.0,FY21Q1_130820201201.pdf
FY21,Q1,2020-06-30,非流動資產,其他非流動資產,other_noncurrent_assets,202274.0,FY21Q1_130820201201.pdf
FY21,Q1,2020-06-30,非流動資產,[非流動資產小计],_subtotal_非流動資產,13447386.0,FY21Q1_130820201201.pdf
FY21,Q1,2020-06-30,流動資產,存貨,inventory,5126690.0,FY21Q1_130820201201.pdf
FY21,Q1,2020-06-30,流動資產,應收貿易賬款,accounts_receivable,7026220.0,FY21Q1_130820201201.pdf
FY21,Q1,2020-06-30,流動資產,應收票據,accounts_receivable,29579.0,FY21Q1_130820201201.pdf
FY21,Q1,2020-06-30,流動資產,衍生金融資產,other_current_assets,49905.0,FY21Q1_130820201201.pdf
FY21,Q1,2020-06-30,流動資產,按金、預付款項及其他應收賬款,other_current_assets,4072269.0,FY21Q1_130820201201.pdf
FY21,Q1,2020-06-30,流動資產,可收回所得稅款,other_current_assets,196620.0,FY21Q1_130820201201.pdf
FY21,Q1,2020-06-30,流動資產,銀行存款,short_term_investments,50681.0,FY21Q1_130820201201.pdf
FY21,Q1,2020-06-30,流動資產,現金及現金等價物,cash,3495632.0,FY21Q1_130820201201.pdf
FY21,Q1,2020-06-30,流動資產,[流動資產小计],_subtotal_流動資產,20047596.0,FY21Q1_130820201201.pdf
FY21,Q1,2020-06-30,合计,總資產,total_assets,33494982.0,FY21Q1_130820201201.pdf
FY21,Q1,2020-06-30,權益,其他非控制性權益,noncontrolling_interest,660731.0,FY21Q1_130820201201.pdf
FY21,Q1,2020-06-30,權益,向非控制性權益簽出認沽期權,noncontrolling_interest,-766238.0,FY21Q1_130820201201.pdf
FY21,Q1,2020-06-30,合计,總權益,total_equity,4230306.0,FY21Q1_130820201201.pdf
FY21,Q1,2020-06-30,非流動負債,貸款,long_term_debt,2537583.0,FY21Q1_130820201201.pdf
FY21,Q1,2020-06-30,非流動負債,保修費撥備,other_noncurrent_liabilities,269974.0,FY21Q1_130820201201.pdf
FY21,Q1,2020-06-30,非流動負債,遞延收益,deferred_revenue_noncurrent,959949.0,FY21Q1_130820201201.pdf
FY21,Q1,2020-06-30,非流動負債,退休福利責任,other_noncurrent_liabilities,466767.0,FY21Q1_130820201201.pdf
FY21,Q1,2020-06-30,非流動負債,遞延所得稅項負債,other_noncurrent_liabilities,322717.0,FY21Q1_130820201201.pdf
FY21,Q1,2020-06-30,非流動負債,其他非流動負債,other_noncurrent_liabilities,1332599.0,FY21Q1_130820201201.pdf
FY21,Q1,2020-06-30,非流動負債,[非流動負債小计],_subtotal_非流動負債,5889589.0,FY21Q1_130820201201.pdf
FY21,Q1,2020-06-30,流動負債,應付貿易賬款,accounts_payable,7806127.0,FY21Q1_130820201201.pdf
FY21,Q1,2020-06-30,流動負債,應付票據,accounts_payable,1517196.0,FY21Q1_130820201201.pdf
FY21,Q1,2020-06-30,流動負債,衍生金融負債,other_current_liabilities,76232.0,FY21Q1_130820201201.pdf
FY21,Q1,2020-06-30,流動負債,其他應付賬款及應計費用,accrued_liabilities,9832481.0,FY21Q1_130820201201.pdf
FY21,Q1,2020-06-30,流動負債,撥備,other_current_liabilities,748197.0,FY21Q1_130820201201.pdf
FY21,Q1,2020-06-30,流動負債,遞延收益,deferred_revenue_current,859975.0,FY21Q1_130820201201.pdf
FY21,Q1,2020-06-30,流動負債,應付所得稅項,other_current_liabilities,246139.0,FY21Q1_130820201201.pdf
FY21,Q1,2020-06-30,流動負債,貸款,short_term_debt,2288740.0,FY21Q1_130820201201.pdf
FY21,Q1,2020-06-30,流動負債,[流動負債小计],_subtotal_流動負債,23375087.0,FY21Q1_130820201201.pdf
FY21,Q1,2020-06-30,合计,總負債,total_liabilities,29264676.0,FY21Q1_130820201201.pdf
FY21,Q1,2020-06-30,合计,總權益及負債,total_liabilities_and_equity,33494982.0,FY21Q1_130820201201.pdf
FY21,Q2,2020-09-30,非流動資產,物業、廠房及設備,ppe_net,1438749.0,FY21Q2_031120201215.pdf
FY21,Q2,2020-09-30,非流動資產,使用權資產,other_noncurrent_assets,808439.0,FY21Q2_031120201215.pdf
FY21,Q2,2020-09-30,非流動資產,在建工程,ppe_net,307911.0,FY21Q2_031120201215.pdf
FY21,Q2,2020-09-30,非流動資產,無形資產,intangibles,7980138.0,FY21Q2_031120201215.pdf
FY21,Q2,2020-09-30,非流動資產,於聯營公司及合營公司權益,other_noncurrent_assets,75350.0,FY21Q2_031120201215.pdf
FY21,Q2,2020-09-30,非流動資產,遞延所得稅項資產,other_noncurrent_assets,2167258.0,FY21Q2_031120201215.pdf
FY21,Q2,2020-09-30,非流動資產,以公允價值計量且其變動計入損益的金融資產,other_noncurrent_assets,692279.0,FY21Q2_031120201215.pdf
FY21,Q2,2020-09-30,非流動資產,以公允價值計量且其變動計入其他全面收益的金融資產,other_noncurrent_assets,76544.0,FY21Q2_031120201215.pdf
FY21,Q2,2020-09-30,非流動資產,其他非流動資產,other_noncurrent_assets,232542.0,FY21Q2_031120201215.pdf
FY21,Q2,2020-09-30,非流動資產,[非流動資產小计],_subtotal_非流動資產,13779210.0,FY21Q2_031120201215.pdf
FY21,Q2,2020-09-30,流動資產,存貨,inventory,5242331.0,FY21Q2_031120201215.pdf
FY21,Q2,2020-09-30,流動資產,應收貿易賬款,accounts_receivable,7215297.0,FY21Q2_031120201215.pdf
FY21,Q2,2020-09-30,流動資產,應收票據,accounts_receivable,36879.0,FY21Q2_031120201215.pdf
FY21,Q2,2020-09-30,流動資產,衍生金融資產,other_current_assets,50533.0,FY21Q2_031120201215.pdf
FY21,Q2,2020-09-30,流動資產,按金、預付款項及其他應收賬款,other_current_assets,4772195.0,FY21Q2_031120201215.pdf
FY21,Q2,2020-09-30,流動資產,可收回所得稅款,other_current_assets,235144.0,FY21Q2_031120201215.pdf
FY21,Q2,2020-09-30,流動資產,銀行存款,short_term_investments,53967.0,FY21Q2_031120201215.pdf
FY21,Q2,2020-09-30,流動資產,現金及現金等價物,cash,3698658.0,FY21Q2_031120201215.pdf
FY21,Q2,2020-09-30,流動資產,[流動資產小计],_subtotal_流動資產,21305004.0,FY21Q2_031120201215.pdf
FY21,Q2,2020-09-30,合计,總資產,total_assets,35084214.0,FY21Q2_031120201215.pdf
FY21,Q2,2020-09-30,權益,其他非控制性權益,noncontrolling_interest,706969.0,FY21Q2_031120201215.pdf
FY21,Q2,2020-09-30,權益,向非控制性權益簽出認沽期權,noncontrolling_interest,-766238.0,FY21Q2_031120201215.pdf
FY21,Q2,2020-09-30,合计,總權益,total_equity,4456432.0,FY21Q2_031120201215.pdf
FY21,Q2,2020-09-30,非流動負債,貸款,long_term_debt,2543552.0,FY21Q2_031120201215.pdf
FY21,Q2,2020-09-30,非流動負債,保修費撥備,other_noncurrent_liabilities,262514.0,FY21Q2_031120201215.pdf
FY21,Q2,2020-09-30,非流動負債,遞延收益,deferred_revenue_noncurrent,1027642.0,FY21Q2_031120201215.pdf
FY21,Q2,2020-09-30,非流動負債,退休福利責任,other_noncurrent_liabilities,485055.0,FY21Q2_031120201215.pdf
FY21,Q2,2020-09-30,非流動負債,遞延所得稅項負債,other_noncurrent_liabilities,364881.0,FY21Q2_031120201215.pdf
FY21,Q2,2020-09-30,非流動負債,其他非流動負債,other_noncurrent_liabilities,1369072.0,FY21Q2_031120201215.pdf
FY21,Q2,2020-09-30,非流動負債,[非流動負債小计],_subtotal_非流動負債,6052716.0,FY21Q2_031120201215.pdf
FY21,Q2,2020-09-30,流動負債,應付貿易賬款,accounts_payable,8525712.0,FY21Q2_031120201215.pdf
FY21,Q2,2020-09-30,流動負債,應付票據,accounts_payable,1108077.0,FY21Q2_031120201215.pdf
FY21,Q2,2020-09-30,流動負債,衍生金融負債,other_current_liabilities,54137.0,FY21Q2_031120201215.pdf
FY21,Q2,2020-09-30,流動負債,其他應付賬款及應計費用,accrued_liabilities,10518603.0,FY21Q2_031120201215.pdf
FY21,Q2,2020-09-30,流動負債,撥備,other_current_liabilities,786180.0,FY21Q2_031120201215.pdf
FY21,Q2,2020-09-30,流動負債,遞延收益,deferred_revenue_current,929871.0,FY21Q2_031120201215.pdf
FY21,Q2,2020-09-30,流動負債,應付所得稅項,other_current_liabilities,349064.0,FY21Q2_031120201215.pdf
FY21,Q2,2020-09-30,流動負債,貸款,short_term_debt,2303422.0,FY21Q2_031120201215.pdf
FY21,Q2,2020-09-30,流動負債,[流動負債小计],_subtotal_流動負債,24575066.0,FY21Q2_031120201215.pdf
FY21,Q2,2020-09-30,合计,總負債,total_liabilities,30627782.0,FY21Q2_031120201215.pdf
FY21,Q2,2020-09-30,合计,總權益及負債,total_liabilities_and_equity,35084214.0,FY21Q2_031120201215.pdf
FY21,Q3,2020-12-31,非流動資產,物業、廠房及設備,ppe_net,1530006.0,FY21Q3_030220211202.pdf
FY21,Q3,2020-12-31,非流動資產,使用權資產,other_noncurrent_assets,812262.0,FY21Q3_030220211202.pdf
FY21,Q3,2020-12-31,非流動資產,在建工程,ppe_net,223475.0,FY21Q3_030220211202.pdf
FY21,Q3,2020-12-31,非流動資產,無形資產,intangibles,8152074.0,FY21Q3_030220211202.pdf
FY21,Q3,2020-12-31,非流動資產,於聯營公司及合營公司權益,other_noncurrent_assets,73854.0,FY21Q3_030220211202.pdf
FY21,Q3,2020-12-31,非流動資產,遞延所得稅項資產,other_noncurrent_assets,2279006.0,FY21Q3_030220211202.pdf
FY21,Q3,2020-12-31,非流動資產,以公允值計量且其變動計入損益的金融資產,other_noncurrent_assets,780060.0,FY21Q3_030220211202.pdf
FY21,Q3,2020-12-31,非流動資產,以公允值計量且其變動計入其他全面收益的金融資產,other_noncurrent_assets,85286.0,FY21Q3_030220211202.pdf
FY21,Q3,2020-12-31,非流動資產,其他非流動資產,other_noncurrent_assets,258589.0,FY21Q3_030220211202.pdf
FY21,Q3,2020-12-31,非流動資產,[非流動資產小计],_subtotal_非流動資產,14194612.0,FY21Q3_030220211202.pdf
FY21,Q3,2020-12-31,流動資產,存貨,inventory,5785801.0,FY21Q3_030220211202.pdf
FY21,Q3,2020-12-31,流動資產,應收貿易賬款,accounts_receivable,9279392.0,FY21Q3_030220211202.pdf
FY21,Q3,2020-12-31,流動資產,應收票據,accounts_receivable,47574.0,FY21Q3_030220211202.pdf
FY21,Q3,2020-12-31,流動資產,衍生金融資產,other_current_assets,23021.0,FY21Q3_030220211202.pdf
FY21,Q3,2020-12-31,流動資產,按金、預付款項及其他應收賬款,other_current_assets,4976455.0,FY21Q3_030220211202.pdf
FY21,Q3,2020-12-31,流動資產,可收回所得稅款,other_current_assets,247047.0,FY21Q3_030220211202.pdf
FY21,Q3,2020-12-31,流動資產,銀行存款,short_term_investments,51086.0,FY21Q3_030220211202.pdf
FY21,Q3,2020-12-31,流動資產,現金及現金等價物,cash,4040149.0,FY21Q3_030220211202.pdf
FY21,Q3,2020-12-31,流動資產,[流動資產小计],_subtotal_流動資產,24450525.0,FY21Q3_030220211202.pdf
FY21,Q3,2020-12-31,合计,總資產,total_assets,38645137.0,FY21Q3_030220211202.pdf
FY21,Q3,2020-12-31,權益,其他非控制性權益,noncontrolling_interest,790466.0,FY21Q3_030220211202.pdf
FY21,Q3,2020-12-31,權益,向非控制性權益簽出認沽期權,noncontrolling_interest,-766238.0,FY21Q3_030220211202.pdf
FY21,Q3,2020-12-31,合计,總權益,total_equity,3910991.0,FY21Q3_030220211202.pdf
FY21,Q3,2020-12-31,非流動負債,貸款,long_term_debt,3928492.0,FY21Q3_030220211202.pdf
FY21,Q3,2020-12-31,非流動負債,保修費撥備,other_noncurrent_liabilities,274362.0,FY21Q3_030220211202.pdf
FY21,Q3,2020-12-31,非流動負債,遞延收益,deferred_revenue_noncurrent,1156816.0,FY21Q3_030220211202.pdf
FY21,Q3,2020-12-31,非流動負債,退休福利責任,other_noncurrent_liabilities,474839.0,FY21Q3_030220211202.pdf
FY21,Q3,2020-12-31,非流動負債,遞延所得稅項負債,other_noncurrent_liabilities,377602.0,FY21Q3_030220211202.pdf
FY21,Q3,2020-12-31,非流動負債,其他非流動負債,other_noncurrent_liabilities,1401330.0,FY21Q3_030220211202.pdf
FY21,Q3,2020-12-31,非流動負債,[非流動負債小计],_subtotal_非流動負債,7613441.0,FY21Q3_030220211202.pdf
FY21,Q3,2020-12-31,流動負債,應付貿易賬款,accounts_payable,9967953.0,FY21Q3_030220211202.pdf
FY21,Q3,2020-12-31,流動負債,應付票據,accounts_payable,1247610.0,FY21Q3_030220211202.pdf
FY21,Q3,2020-12-31,流動負債,衍生金融負債,other_current_liabilities,125031.0,FY21Q3_030220211202.pdf
FY21,Q3,2020-12-31,流動負債,其他應付賬款及應計費用,accrued_liabilities,12775499.0,FY21Q3_030220211202.pdf
FY21,Q3,2020-12-31,流動負債,撥備,other_current_liabilities,883948.0,FY21Q3_030220211202.pdf
FY21,Q3,2020-12-31,流動負債,遞延收益,deferred_revenue_current,1057656.0,FY21Q3_030220211202.pdf
FY21,Q3,2020-12-31,流動負債,應付所得稅項,other_current_liabilities,423922.0,FY21Q3_030220211202.pdf
FY21,Q3,2020-12-31,流動負債,貸款,short_term_debt,639086.0,FY21Q3_030220211202.pdf
FY21,Q3,2020-12-31,流動負債,[流動負債小计],_subtotal_流動負債,27120705.0,FY21Q3_030220211202.pdf
FY21,Q3,2020-12-31,合计,總負債,total_liabilities,34734146.0,FY21Q3_030220211202.pdf
FY21,Q3,2020-12-31,合计,總權益及負債,total_liabilities_and_equity,38645137.0,FY21Q3_030220211202.pdf
FY21,Q4,2021-03-31,非流動資產,物業、廠房及設備,ppe_net,1573875.0,FY21Q4_270520211201.pdf
FY21,Q4,2021-03-31,非流動資產,使用權資產,other_noncurrent_assets,893422.0,FY21Q4_270520211201.pdf
FY21,Q4,2021-03-31,非流動資產,在建工程,ppe_net,207614.0,FY21Q4_270520211201.pdf
FY21,Q4,2021-03-31,非流動資產,無形資產,intangibles,8405005.0,FY21Q4_270520211201.pdf
FY21,Q4,2021-03-31,非流動資產,於聯營公司及合營公司權益,other_noncurrent_assets,65455.0,FY21Q4_270520211201.pdf
FY21,Q4,2021-03-31,非流動資產,遞延所得稅項資產,other_noncurrent_assets,2344740.0,FY21Q4_270520211201.pdf
FY21,Q4,2021-03-31,非流動資產,以公允值計量且其變動計入損益的金融資產,other_noncurrent_assets,805013.0,FY21Q4_270520211201.pdf
FY21,Q4,2021-03-31,非流動資產,以公允值計量且其變動計入其他全面收益的金融資產,other_noncurrent_assets,84796.0,FY21Q4_270520211201.pdf
FY21,Q4,2021-03-31,非流動資產,其他非流動資產,other_noncurrent_assets,275359.0,FY21Q4_270520211201.pdf
FY21,Q4,2021-03-31,非流動資產,[非流動資產小计],_subtotal_非流動資產,14655279.0,FY21Q4_270520211201.pdf
FY21,Q4,2021-03-31,流動資產,存貨,inventory,6380576.0,FY21Q4_270520211201.pdf
FY21,Q4,2021-03-31,流動資產,應收貿易賬款,accounts_receivable,8397825.0,FY21Q4_270520211201.pdf
FY21,Q4,2021-03-31,流動資產,應收票據,accounts_receivable,78939.0,FY21Q4_270520211201.pdf
FY21,Q4,2021-03-31,流動資產,衍生金融資產,other_current_assets,118299.0,FY21Q4_270520211201.pdf
FY21,Q4,2021-03-31,流動資產,按金、預付款項及其他應收賬款,other_current_assets,4977501.0,FY21Q4_270520211201.pdf
FY21,Q4,2021-03-31,流動資產,可收回所得稅款,other_current_assets,254442.0,FY21Q4_270520211201.pdf
FY21,Q4,2021-03-31,流動資產,銀行存款,short_term_investments,59385.0,FY21Q4_270520211201.pdf
FY21,Q4,2021-03-31,流動資產,現金及現金等價物,cash,3068385.0,FY21Q4_270520211201.pdf
FY21,Q4,2021-03-31,流動資產,[流動資產小计],_subtotal_流動資產,23335352.0,FY21Q4_270520211201.pdf
FY21,Q4,2021-03-31,合计,總資產,total_assets,37990631.0,FY21Q4_270520211201.pdf
FY21,Q4,2021-03-31,權益,其他非控制性權益,noncontrolling_interest,817735.0,FY21Q4_270520211201.pdf
FY21,Q4,2021-03-31,權益,向非控制性權益簽出認沽期權,noncontrolling_interest,-766238.0,FY21Q4_270520211201.pdf
FY21,Q4,2021-03-31,合计,總權益,total_equity,3610533.0,FY21Q4_270520211201.pdf
FY21,Q4,2021-03-31,非流動負債,貸款,long_term_debt,3299582.0,FY21Q4_270520211201.pdf
FY21,Q4,2021-03-31,非流動負債,保修費撥備,other_noncurrent_liabilities,266313.0,FY21Q4_270520211201.pdf
FY21,Q4,2021-03-31,非流動負債,遞延收益,deferred_revenue_noncurrent,1183247.0,FY21Q4_270520211201.pdf
FY21,Q4,2021-03-31,非流動負債,退休福利責任,other_noncurrent_liabilities,431905.0,FY21Q4_270520211201.pdf
FY21,Q4,2021-03-31,非流動負債,遞延所得稅項負債,other_noncurrent_liabilities,391258.0,FY21Q4_270520211201.pdf
FY21,Q4,2021-03-31,非流動負債,其他非流動負債,other_noncurrent_liabilities,1436156.0,FY21Q4_270520211201.pdf
FY21,Q4,2021-03-31,非流動負債,[非流動負債小计],_subtotal_非流動負債,7008461.0,FY21Q4_270520211201.pdf
FY21,Q4,2021-03-31,流動負債,應付貿易賬款,accounts_payable,10220796.0,FY21Q4_270520211201.pdf
FY21,Q4,2021-03-31,流動負債,應付票據,accounts_payable,885628.0,FY21Q4_270520211201.pdf
FY21,Q4,2021-03-31,流動負債,衍生金融負債,other_current_liabilities,35944.0,FY21Q4_270520211201.pdf
FY21,Q4,2021-03-31,流動負債,其他應付賬款及應計費用,accrued_liabilities,13178498.0,FY21Q4_270520211201.pdf
FY21,Q4,2021-03-31,流動負債,撥備,other_current_liabilities,910380.0,FY21Q4_270520211201.pdf
FY21,Q4,2021-03-31,流動負債,遞延收益,deferred_revenue_current,1046677.0,FY21Q4_270520211201.pdf
FY21,Q4,2021-03-31,流動負債,應付所得稅項,other_current_liabilities,395443.0,FY21Q4_270520211201.pdf
FY21,Q4,2021-03-31,流動負債,貸款,short_term_debt,698271.0,FY21Q4_270520211201.pdf
FY21,Q4,2021-03-31,流動負債,[流動負債小计],_subtotal_流動負債,27371637.0,FY21Q4_270520211201.pdf
FY21,Q4,2021-03-31,合计,總負債,total_liabilities,34380098.0,FY21Q4_270520211201.pdf
FY21,Q4,2021-03-31,合计,總權益及負債,total_liabilities_and_equity,37990631.0,FY21Q4_270520211201.pdf
FY22,Q1,2021-06-30,非流動資產,物業、廠房及設備,ppe_net,1562298.0,FY22Q1_110820211201.pdf
FY22,Q1,2021-06-30,非流動資產,使用權資產,other_noncurrent_assets,875648.0,FY22Q1_110820211201.pdf
FY22,Q1,2021-06-30,非流動資產,在建工程,ppe_net,219064.0,FY22Q1_110820211201.pdf
FY22,Q1,2021-06-30,非流動資產,無形資產,intangibles,8447629.0,FY22Q1_110820211201.pdf
FY22,Q1,2021-06-30,非流動資產,於聯營公司及合營公司權益,other_noncurrent_assets,64412.0,FY22Q1_110820211201.pdf
FY22,Q1,2021-06-30,非流動資產,遞延所得稅項資產,other_noncurrent_assets,2413731.0,FY22Q1_110820211201.pdf
FY22,Q1,2021-06-30,非流動資產,以公允值計量且其變動計入損益的金融資產,other_noncurrent_assets,972252.0,FY22Q1_110820211201.pdf
FY22,Q1,2021-06-30,非流動資產,以公允值計量且其變動計入其他全面收益的金融資產,other_noncurrent_assets,83721.0,FY22Q1_110820211201.pdf
FY22,Q1,2021-06-30,非流動資產,其他非流動資產,other_noncurrent_assets,311554.0,FY22Q1_110820211201.pdf
FY22,Q1,2021-06-30,非流動資產,[非流動資產小计],_subtotal_非流動資產,14950309.0,FY22Q1_110820211201.pdf
FY22,Q1,2021-06-30,流動資產,存貨,inventory,7825770.0,FY22Q1_110820211201.pdf
FY22,Q1,2021-06-30,流動資產,應收貿易賬款,accounts_receivable,8922923.0,FY22Q1_110820211201.pdf
FY22,Q1,2021-06-30,流動資產,應收票據,accounts_receivable,66403.0,FY22Q1_110820211201.pdf
FY22,Q1,2021-06-30,流動資產,衍生金融資產,other_current_assets,75197.0,FY22Q1_110820211201.pdf
FY22,Q1,2021-06-30,流動資產,按金、預付款項及其他應收賬款,other_current_assets,5038401.0,FY22Q1_110820211201.pdf
FY22,Q1,2021-06-30,流動資產,可收回所得稅款,other_current_assets,323058.0,FY22Q1_110820211201.pdf
FY22,Q1,2021-06-30,流動資產,銀行存款,short_term_investments,82760.0,FY22Q1_110820211201.pdf
FY22,Q1,2021-06-30,流動資產,現金及現金等價物,cash,3175812.0,FY22Q1_110820211201.pdf
FY22,Q1,2021-06-30,流動資產,[流動資產小计],_subtotal_流動資產,25510324.0,FY22Q1_110820211201.pdf
FY22,Q1,2021-06-30,合计,總資產,total_assets,40460633.0,FY22Q1_110820211201.pdf
FY22,Q1,2021-06-30,權益,其他非控制性權益,noncontrolling_interest,865937.0,FY22Q1_110820211201.pdf
FY22,Q1,2021-06-30,權益,向非控制性權益簽出認沽期權,noncontrolling_interest,-766238.0,FY22Q1_110820211201.pdf
FY22,Q1,2021-06-30,合计,總權益,total_equity,4160057.0,FY22Q1_110820211201.pdf
FY22,Q1,2021-06-30,非流動負債,貸款,long_term_debt,3304335.0,FY22Q1_110820211201.pdf
FY22,Q1,2021-06-30,非流動負債,保修費撥備,other_noncurrent_liabilities,268124.0,FY22Q1_110820211201.pdf
FY22,Q1,2021-06-30,非流動負債,遞延收益,deferred_revenue_noncurrent,1283908.0,FY22Q1_110820211201.pdf
FY22,Q1,2021-06-30,非流動負債,退休福利責任,other_noncurrent_liabilities,436093.0,FY22Q1_110820211201.pdf
FY22,Q1,2021-06-30,非流動負債,遞延所得稅項負債,other_noncurrent_liabilities,392192.0,FY22Q1_110820211201.pdf
FY22,Q1,2021-06-30,非流動負債,其他非流動負債,other_noncurrent_liabilities,1397335.0,FY22Q1_110820211201.pdf
FY22,Q1,2021-06-30,非流動負債,[非流動負債小计],_subtotal_非流動負債,7081987.0,FY22Q1_110820211201.pdf
FY22,Q1,2021-06-30,流動負債,應付貿易賬款,accounts_payable,11198180.0,FY22Q1_110820211201.pdf
FY22,Q1,2021-06-30,流動負債,應付票據,accounts_payable,1023427.0,FY22Q1_110820211201.pdf
FY22,Q1,2021-06-30,流動負債,衍生金融負債,other_current_liabilities,31396.0,FY22Q1_110820211201.pdf
FY22,Q1,2021-06-30,流動負債,其他應付賬款及應計費用,accrued_liabilities,13694252.0,FY22Q1_110820211201.pdf
FY22,Q1,2021-06-30,流動負債,撥備,other_current_liabilities,941015.0,FY22Q1_110820211201.pdf
FY22,Q1,2021-06-30,流動負債,遞延收益,deferred_revenue_current,1145905.0,FY22Q1_110820211201.pdf
FY22,Q1,2021-06-30,流動負債,應付所得稅項,other_current_liabilities,490715.0,FY22Q1_110820211201.pdf
FY22,Q1,2021-06-30,流動負債,貸款,short_term_debt,693699.0,FY22Q1_110820211201.pdf
FY22,Q1,2021-06-30,流動負債,[流動負債小计],_subtotal_流動負債,29218589.0,FY22Q1_110820211201.pdf
FY22,Q1,2021-06-30,合计,總負債,total_liabilities,36300576.0,FY22Q1_110820211201.pdf
FY22,Q1,2021-06-30,合计,總權益及負債,total_liabilities_and_equity,40460633.0,FY22Q1_110820211201.pdf
FY22,Q2,2021-09-30,非流動資產,物業、廠房及設備,ppe_net,1555768.0,FY22Q2_041120211201.pdf
FY22,Q2,2021-09-30,非流動資產,使用權資產,other_noncurrent_assets,869174.0,FY22Q2_041120211201.pdf
FY22,Q2,2021-09-30,非流動資產,在建工程,ppe_net,286658.0,FY22Q2_041120211201.pdf
FY22,Q2,2021-09-30,非流動資產,無形資產,intangibles,8238925.0,FY22Q2_041120211201.pdf
FY22,Q2,2021-09-30,非流動資產,於聯營公司及合營公司權益,other_noncurrent_assets,86090.0,FY22Q2_041120211201.pdf
FY22,Q2,2021-09-30,非流動資產,遞延所得稅項資產,other_noncurrent_assets,2462103.0,FY22Q2_041120211201.pdf
FY22,Q2,2021-09-30,非流動資產,以公允值計量且其變動計入損益的金融資產,other_noncurrent_assets,1027518.0,FY22Q2_041120211201.pdf
FY22,Q2,2021-09-30,非流動資產,以公允值計量且其變動計入其他全面收益的金融資產,other_noncurrent_assets,79809.0,FY22Q2_041120211201.pdf
FY22,Q2,2021-09-30,非流動資產,其他非流動資產,other_noncurrent_assets,396897.0,FY22Q2_041120211201.pdf
FY22,Q2,2021-09-30,非流動資產,[非流動資產小计],_subtotal_非流動資產,15002942.0,FY22Q2_041120211201.pdf
FY22,Q2,2021-09-30,流動資產,存貨,inventory,8727816.0,FY22Q2_041120211201.pdf
FY22,Q2,2021-09-30,流動資產,應收貿易賬款,accounts_receivable,9500770.0,FY22Q2_041120211201.pdf
FY22,Q2,2021-09-30,流動資產,應收票據,accounts_receivable,67937.0,FY22Q2_041120211201.pdf
FY22,Q2,2021-09-30,流動資產,衍生金融資產,other_current_assets,140239.0,FY22Q2_041120211201.pdf
FY22,Q2,2021-09-30,流動資產,按金、預付款項及其他應收賬款,other_current_assets,5000156.0,FY22Q2_041120211201.pdf
FY22,Q2,2021-09-30,流動資產,可收回所得稅款,other_current_assets,403784.0,FY22Q2_041120211201.pdf
FY22,Q2,2021-09-30,流動資產,銀行存款,short_term_investments,83543.0,FY22Q2_041120211201.pdf
FY22,Q2,2021-09-30,流動資產,現金及現金等價物,cash,3647478.0,FY22Q2_041120211201.pdf
FY22,Q2,2021-09-30,流動資產,[流動資產小计],_subtotal_流動資產,27571723.0,FY22Q2_041120211201.pdf
FY22,Q2,2021-09-30,合计,總資產,total_assets,42574665.0,FY22Q2_041120211201.pdf
FY22,Q2,2021-09-30,權益,其他非控制性權益,noncontrolling_interest,902058.0,FY22Q2_041120211201.pdf
FY22,Q2,2021-09-30,權益,向非控制性權益簽出認沽期權,noncontrolling_interest,-766238.0,FY22Q2_041120211201.pdf
FY22,Q2,2021-09-30,合计,總權益,total_equity,4138816.0,FY22Q2_041120211201.pdf
FY22,Q2,2021-09-30,非流動負債,貸款,long_term_debt,3309173.0,FY22Q2_041120211201.pdf
FY22,Q2,2021-09-30,非流動負債,保修費撥備,other_noncurrent_liabilities,254384.0,FY22Q2_041120211201.pdf
FY22,Q2,2021-09-30,非流動負債,遞延收益,deferred_revenue_noncurrent,1334636.0,FY22Q2_041120211201.pdf
FY22,Q2,2021-09-30,非流動負債,退休福利責任,other_noncurrent_liabilities,428514.0,FY22Q2_041120211201.pdf
FY22,Q2,2021-09-30,非流動負債,遞延所得稅項負債,other_noncurrent_liabilities,387993.0,FY22Q2_041120211201.pdf
FY22,Q2,2021-09-30,非流動負債,其他非流動負債,other_noncurrent_liabilities,1376481.0,FY22Q2_041120211201.pdf
FY22,Q2,2021-09-30,非流動負債,[非流動負債小计],_subtotal_非流動負債,7091181.0,FY22Q2_041120211201.pdf
FY22,Q2,2021-09-30,流動負債,應付貿易賬款,accounts_payable,11491984.0,FY22Q2_041120211201.pdf
FY22,Q2,2021-09-30,流動負債,應付票據,accounts_payable,1235486.0,FY22Q2_041120211201.pdf
FY22,Q2,2021-09-30,流動負債,衍生金融負債,other_current_liabilities,57333.0,FY22Q2_041120211201.pdf
FY22,Q2,2021-09-30,流動負債,其他應付賬款及應計費用,accrued_liabilities,15195359.0,FY22Q2_041120211201.pdf
FY22,Q2,2021-09-30,流動負債,撥備,other_current_liabilities,929555.0,FY22Q2_041120211201.pdf
FY22,Q2,2021-09-30,流動負債,遞延收益,deferred_revenue_current,1236632.0,FY22Q2_041120211201.pdf
FY22,Q2,2021-09-30,流動負債,應付所得稅項,other_current_liabilities,716188.0,FY22Q2_041120211201.pdf
FY22,Q2,2021-09-30,流動負債,貸款,short_term_debt,482131.0,FY22Q2_041120211201.pdf
FY22,Q2,2021-09-30,流動負債,[流動負債小计],_subtotal_流動負債,31344668.0,FY22Q2_041120211201.pdf
FY22,Q2,2021-09-30,合计,總負債,total_liabilities,38435849.0,FY22Q2_041120211201.pdf
FY22,Q2,2021-09-30,合计,總權益及負債,total_liabilities_and_equity,42574665.0,FY22Q2_041120211201.pdf
FY22,Q3,2021-12-31,非流動資產,物業、廠房及設備,ppe_net,1583201.0,FY22Q3_230220221201.pdf
FY22,Q3,2021-12-31,非流動資產,使用權資產,other_noncurrent_assets,857688.0,FY22Q3_230220221201.pdf
FY22,Q3,2021-12-31,非流動資產,在建工程,ppe_net,393160.0,FY22Q3_230220221201.pdf
FY22,Q3,2021-12-31,非流動資產,無形資產,intangibles,8138296.0,FY22Q3_230220221201.pdf
FY22,Q3,2021-12-31,非流動資產,於聯營公司及合營公司權益,other_noncurrent_assets,85374.0,FY22Q3_230220221201.pdf
FY22,Q3,2021-12-31,非流動資產,遞延所得稅項資產,other_noncurrent_assets,2425672.0,FY22Q3_230220221201.pdf
FY22,Q3,2021-12-31,非流動資產,以公允值計量且其變動計入損益的金融資產,other_noncurrent_assets,1132509.0,FY22Q3_230220221201.pdf
FY22,Q3,2021-12-31,非流動資產,以公允值計量且其變動計入其他全面收益的金融資產,other_noncurrent_assets,75724.0,FY22Q3_230220221201.pdf
FY22,Q3,2021-12-31,非流動資產,其他非流動資產,other_noncurrent_assets,471799.0,FY22Q3_230220221201.pdf
FY22,Q3,2021-12-31,非流動資產,[非流動資產小计],_subtotal_非流動資產,15163423.0,FY22Q3_230220221201.pdf
FY22,Q3,2021-12-31,流動資產,存貨,inventory,8441581.0,FY22Q3_230220221201.pdf
FY22,Q3,2021-12-31,流動資產,應收貿易賬款,accounts_receivable,12348838.0,FY22Q3_230220221201.pdf
FY22,Q3,2021-12-31,流動資產,應收票據,accounts_receivable,98549.0,FY22Q3_230220221201.pdf
FY22,Q3,2021-12-31,流動資產,衍生金融資產,other_current_assets,94357.0,FY22Q3_230220221201.pdf
FY22,Q3,2021-12-31,流動資產,按金、預付款項及其他應收賬款,other_current_assets,5399912.0,FY22Q3_230220221201.pdf
FY22,Q3,2021-12-31,流動資產,可收回所得稅款,other_current_assets,270526.0,FY22Q3_230220221201.pdf
FY22,Q3,2021-12-31,流動資產,銀行存款,short_term_investments,72549.0,FY22Q3_230220221201.pdf
FY22,Q3,2021-12-31,流動資產,現金及現金等價物,cash,3756468.0,FY22Q3_230220221201.pdf
FY22,Q3,2021-12-31,流動資產,[流動資產小计],_subtotal_流動資產,30482780.0,FY22Q3_230220221201.pdf
FY22,Q3,2021-12-31,合计,總資產,total_assets,45646203.0,FY22Q3_230220221201.pdf
FY22,Q3,2021-12-31,權益,其他非控制性權益,noncontrolling_interest,1074022.0,FY22Q3_230220221201.pdf
FY22,Q3,2021-12-31,權益,向非控制性權益簽出認沽期權,noncontrolling_interest,-766238.0,FY22Q3_230220221201.pdf
FY22,Q3,2021-12-31,合计,總權益,total_equity,4791830.0,FY22Q3_230220221201.pdf
FY22,Q3,2021-12-31,非流動負債,貸款,long_term_debt,3313990.0,FY22Q3_230220221201.pdf
FY22,Q3,2021-12-31,非流動負債,保修費撥備,other_noncurrent_liabilities,252743.0,FY22Q3_230220221201.pdf
FY22,Q3,2021-12-31,非流動負債,遞延收益,deferred_revenue_noncurrent,1430041.0,FY22Q3_230220221201.pdf
FY22,Q3,2021-12-31,非流動負債,退休福利責任,other_noncurrent_liabilities,430964.0,FY22Q3_230220221201.pdf
FY22,Q3,2021-12-31,非流動負債,遞延所得稅項負債,other_noncurrent_liabilities,414993.0,FY22Q3_230220221201.pdf
FY22,Q3,2021-12-31,非流動負債,其他非流動負債,other_noncurrent_liabilities,1311303.0,FY22Q3_230220221201.pdf
FY22,Q3,2021-12-31,非流動負債,[非流動負債小计],_subtotal_非流動負債,7154034.0,FY22Q3_230220221201.pdf
FY22,Q3,2021-12-31,流動負債,應付貿易賬款,accounts_payable,12516688.0,FY22Q3_230220221201.pdf
FY22,Q3,2021-12-31,流動負債,應付票據,accounts_payable,1062053.0,FY22Q3_230220221201.pdf
FY22,Q3,2021-12-31,流動負債,衍生金融負債,other_current_liabilities,80743.0,FY22Q3_230220221201.pdf
FY22,Q3,2021-12-31,流動負債,其他應付賬款及應計費用,accrued_liabilities,16698642.0,FY22Q3_230220221201.pdf
FY22,Q3,2021-12-31,流動負債,撥備,other_current_liabilities,1023281.0,FY22Q3_230220221201.pdf
FY22,Q3,2021-12-31,流動負債,遞延收益,deferred_revenue_current,1346742.0,FY22Q3_230220221201.pdf
FY22,Q3,2021-12-31,流動負債,應付所得稅項,other_current_liabilities,538577.0,FY22Q3_230220221201.pdf
FY22,Q3,2021-12-31,流動負債,貸款,short_term_debt,433613.0,FY22Q3_230220221201.pdf
FY22,Q3,2021-12-31,流動負債,[流動負債小计],_subtotal_流動負債,33700339.0,FY22Q3_230220221201.pdf
FY22,Q3,2021-12-31,合计,總負債,total_liabilities,40854373.0,FY22Q3_230220221201.pdf
FY22,Q3,2021-12-31,合计,總權益及負債,total_liabilities_and_equity,45646203.0,FY22Q3_230220221201.pdf
FY22,Q4,2022-03-31,非流動資產,物業、廠房及設備,ppe_net,1636629.0,FY22Q4_260520221201.pdf
FY22,Q4,2022-03-31,非流動資產,使用權資產,other_noncurrent_assets,839233.0,FY22Q4_260520221201.pdf
FY22,Q4,2022-03-31,非流動資產,在建工程,ppe_net,510211.0,FY22Q4_260520221201.pdf
FY22,Q4,2022-03-31,非流動資產,無形資產,intangibles,8066785.0,FY22Q4_260520221201.pdf
FY22,Q4,2022-03-31,非流動資產,於聯營公司及合營公司權益,other_noncurrent_assets,339547.0,FY22Q4_260520221201.pdf
FY22,Q4,2022-03-31,非流動資產,遞延所得稅項資產,other_noncurrent_assets,2527955.0,FY22Q4_260520221201.pdf
FY22,Q4,2022-03-31,非流動資產,以公允值計量且其變動計入損益的金融資產,other_noncurrent_assets,1104408.0,FY22Q4_260520221201.pdf
FY22,Q4,2022-03-31,非流動資產,以公允值計量且其變動計入其他全面收益的金融資產,other_noncurrent_assets,64572.0,FY22Q4_260520221201.pdf
FY22,Q4,2022-03-31,非流動資產,其他非流動資產,other_noncurrent_assets,424241.0,FY22Q4_260520221201.pdf
FY22,Q4,2022-03-31,非流動資產,[非流動資產小计],_subtotal_非流動資產,15513581.0,FY22Q4_260520221201.pdf
FY22,Q4,2022-03-31,流動資產,存貨,inventory,8300658.0,FY22Q4_260520221201.pdf
FY22,Q4,2022-03-31,流動資產,應收貿易賬款,accounts_receivable,11189551.0,FY22Q4_260520221201.pdf
FY22,Q4,2022-03-31,流動資產,應收票據,accounts_receivable,99996.0,FY22Q4_260520221201.pdf
FY22,Q4,2022-03-31,流動資產,衍生金融資產,other_current_assets,113757.0,FY22Q4_260520221201.pdf
FY22,Q4,2022-03-31,流動資產,按金、預付款項及其他應收賬款,other_current_assets,5014292.0,FY22Q4_260520221201.pdf
FY22,Q4,2022-03-31,流動資產,可收回所得稅款,other_current_assets,255809.0,FY22Q4_260520221201.pdf
FY22,Q4,2022-03-31,流動資產,銀行存款,short_term_investments,92513.0,FY22Q4_260520221201.pdf
FY22,Q4,2022-03-31,流動資產,現金及現金等價物,cash,3930287.0,FY22Q4_260520221201.pdf
FY22,Q4,2022-03-31,流動資產,[流動資產小计],_subtotal_流動資產,28996863.0,FY22Q4_260520221201.pdf
FY22,Q4,2022-03-31,合计,總資產,total_assets,44510444.0,FY22Q4_260520221201.pdf
FY22,Q4,2022-03-31,權益,其他非控制性權益,noncontrolling_interest,951415.0,FY22Q4_260520221201.pdf
FY22,Q4,2022-03-31,權益,向非控制性權益簽出認沽期權,noncontrolling_interest,-547353.0,FY22Q4_260520221201.pdf
FY22,Q4,2022-03-31,合计,總權益,total_equity,5394701.0,FY22Q4_260520221201.pdf
FY22,Q4,2022-03-31,非流動負債,貸款,long_term_debt,2633348.0,FY22Q4_260520221201.pdf
FY22,Q4,2022-03-31,非流動負債,保修費撥備,other_noncurrent_liabilities,242776.0,FY22Q4_260520221201.pdf
FY22,Q4,2022-03-31,非流動負債,遞延收益,deferred_revenue_noncurrent,1459582.0,FY22Q4_260520221201.pdf
FY22,Q4,2022-03-31,非流動負債,退休福利責任,other_noncurrent_liabilities,340542.0,FY22Q4_260520221201.pdf
FY22,Q4,2022-03-31,非流動負債,遞延所得稅項負債,other_noncurrent_liabilities,406759.0,FY22Q4_260520221201.pdf
FY22,Q4,2022-03-31,非流動負債,其他非流動負債,other_noncurrent_liabilities,1274001.0,FY22Q4_260520221201.pdf
FY22,Q4,2022-03-31,非流動負債,[非流動負債小计],_subtotal_非流動負債,6357008.0,FY22Q4_260520221201.pdf
FY22,Q4,2022-03-31,流動負債,應付貿易賬款,accounts_payable,11035924.0,FY22Q4_260520221201.pdf
FY22,Q4,2022-03-31,流動負債,應付票據,accounts_payable,2148907.0,FY22Q4_260520221201.pdf
FY22,Q4,2022-03-31,流動負債,衍生金融負債,other_current_liabilities,127625.0,FY22Q4_260520221201.pdf
FY22,Q4,2022-03-31,流動負債,其他應付賬款及應計費用,accrued_liabilities,15744911.0,FY22Q4_260520221201.pdf
FY22,Q4,2022-03-31,流動負債,撥備,other_current_liabilities,980112.0,FY22Q4_260520221201.pdf
FY22,Q4,2022-03-31,流動負債,遞延收益,deferred_revenue_current,1440022.0,FY22Q4_260520221201.pdf
FY22,Q4,2022-03-31,流動負債,應付所得稅項,other_current_liabilities,493312.0,FY22Q4_260520221201.pdf
FY22,Q4,2022-03-31,流動負債,貸款,short_term_debt,787922.0,FY22Q4_260520221201.pdf
FY22,Q4,2022-03-31,流動負債,[流動負債小计],_subtotal_流動負債,32758735.0,FY22Q4_260520221201.pdf
FY22,Q4,2022-03-31,合计,總負債,total_liabilities,39115743.0,FY22Q4_260520221201.pdf
FY22,Q4,2022-03-31,合计,總權益及負債,total_liabilities_and_equity,44510444.0,FY22Q4_260520221201.pdf
FY23,Q1,2022-06-30,非流動資產,物業、廠房及設備,ppe_net,1571413.0,FY23Q1_100820220732.pdf
FY23,Q1,2022-06-30,非流動資產,使用權資產,other_noncurrent_assets,802878.0,FY23Q1_100820220732.pdf
FY23,Q1,2022-06-30,非流動資產,在建工程,ppe_net,472372.0,FY23Q1_100820220732.pdf
FY23,Q1,2022-06-30,非流動資產,無形資產,intangibles,7849694.0,FY23Q1_100820220732.pdf
FY23,Q1,2022-06-30,非流動資產,於聯營公司及合營公司權益,other_noncurrent_assets,334610.0,FY23Q1_100820220732.pdf
FY23,Q1,2022-06-30,非流動資產,遞延所得稅項資產,other_noncurrent_assets,2486092.0,FY23Q1_100820220732.pdf
FY23,Q1,2022-06-30,非流動資產,以公允值計量且其變動計入損益的金融資產,other_noncurrent_assets,1147485.0,FY23Q1_100820220732.pdf
FY23,Q1,2022-06-30,非流動資產,以公允值計量且其變動計入其他全面收益的金融資產,other_noncurrent_assets,61734.0,FY23Q1_100820220732.pdf
FY23,Q1,2022-06-30,非流動資產,其他非流動資產,other_noncurrent_assets,417178.0,FY23Q1_100820220732.pdf
FY23,Q1,2022-06-30,非流動資產,[非流動資產小计],_subtotal_非流動資產,15143456.0,FY23Q1_100820220732.pdf
FY23,Q1,2022-06-30,流動資產,存貨,inventory,8867663.0,FY23Q1_100820220732.pdf
FY23,Q1,2022-06-30,流動資產,應收貿易賬款及票據,accounts_receivable,11646783.0,FY23Q1_100820220732.pdf
FY23,Q1,2022-06-30,流動資產,衍生金融資產,other_current_assets,225606.0,FY23Q1_100820220732.pdf
FY23,Q1,2022-06-30,流動資產,按金、預付款項及其他應收賬款,other_current_assets,4269802.0,FY23Q1_100820220732.pdf
FY23,Q1,2022-06-30,流動資產,可收回所得稅款,other_current_assets,249524.0,FY23Q1_100820220732.pdf
FY23,Q1,2022-06-30,流動資產,銀行存款,short_term_investments,57575.0,FY23Q1_100820220732.pdf
FY23,Q1,2022-06-30,流動資產,現金及現金等價物,cash,3788089.0,FY23Q1_100820220732.pdf
FY23,Q1,2022-06-30,流動資產,[流動資產小计],_subtotal_流動資產,29105042.0,FY23Q1_100820220732.pdf
FY23,Q1,2022-06-30,合计,總資產,total_assets,44248498.0,FY23Q1_100820220732.pdf
FY23,Q1,2022-06-30,權益,其他非控制性權益,noncontrolling_interest,952571.0,FY23Q1_100820220732.pdf
FY23,Q1,2022-06-30,權益,向非控制性權益簽出認沽期權,noncontrolling_interest,-547353.0,FY23Q1_100820220732.pdf
FY23,Q1,2022-06-30,合计,總權益,total_equity,5585098.0,FY23Q1_100820220732.pdf
FY23,Q1,2022-06-30,非流動負債,貸款,long_term_debt,2637821.0,FY23Q1_100820220732.pdf
FY23,Q1,2022-06-30,非流動負債,保修費撥備,other_noncurrent_liabilities,239499.0,FY23Q1_100820220732.pdf
FY23,Q1,2022-06-30,非流動負債,遞延收益,deferred_revenue_noncurrent,1386750.0,FY23Q1_100820220732.pdf
FY23,Q1,2022-06-30,非流動負債,退休福利責任,other_noncurrent_liabilities,320549.0,FY23Q1_100820220732.pdf
FY23,Q1,2022-06-30,非流動負債,遞延所得稅項負債,other_noncurrent_liabilities,386664.0,FY23Q1_100820220732.pdf
FY23,Q1,2022-06-30,非流動負債,其他非流動負債,other_noncurrent_liabilities,722394.0,FY23Q1_100820220732.pdf
FY23,Q1,2022-06-30,非流動負債,[非流動負債小计],_subtotal_非流動負債,5693677.0,FY23Q1_100820220732.pdf
FY23,Q1,2022-06-30,流動負債,應付貿易賬款及票據,accounts_payable,13609606.0,FY23Q1_100820220732.pdf
FY23,Q1,2022-06-30,流動負債,衍生金融負債,other_current_liabilities,34583.0,FY23Q1_100820220732.pdf
FY23,Q1,2022-06-30,流動負債,其他應付賬款及應計費用,accrued_liabilities,15522846.0,FY23Q1_100820220732.pdf
FY23,Q1,2022-06-30,流動負債,撥備,other_current_liabilities,916770.0,FY23Q1_100820220732.pdf
FY23,Q1,2022-06-30,流動負債,遞延收益,deferred_revenue_current,1531077.0,FY23Q1_100820220732.pdf
FY23,Q1,2022-06-30,流動負債,應付所得稅項,other_current_liabilities,540555.0,FY23Q1_100820220732.pdf
FY23,Q1,2022-06-30,流動負債,貸款,short_term_debt,814286.0,FY23Q1_100820220732.pdf
FY23,Q1,2022-06-30,流動負債,[流動負債小计],_subtotal_流動負債,32969723.0,FY23Q1_100820220732.pdf
FY23,Q1,2022-06-30,合计,總負債,total_liabilities,38663400.0,FY23Q1_100820220732.pdf
FY23,Q1,2022-06-30,合计,總權益及負債,total_liabilities_and_equity,44248498.0,FY23Q1_100820220732.pdf
FY23,Q2,2022-09-30,非流動資產,物業、廠房及設備,ppe_net,1581065.0,FY23Q2_031120221202.pdf
FY23,Q2,2022-09-30,非流動資產,使用權資產,other_noncurrent_assets,623963.0,FY23Q2_031120221202.pdf
FY23,Q2,2022-09-30,非流動資產,在建工程,ppe_net,583690.0,FY23Q2_031120221202.pdf
FY23,Q2,2022-09-30,非流動資產,無形資產,intangibles,8048747.0,FY23Q2_031120221202.pdf
FY23,Q2,2022-09-30,非流動資產,於聯營公司及合營公司權益,other_noncurrent_assets,429861.0,FY23Q2_031120221202.pdf
FY23,Q2,2022-09-30,非流動資產,遞延所得稅項資產,other_noncurrent_assets,2487755.0,FY23Q2_031120221202.pdf
FY23,Q2,2022-09-30,非流動資產,以公允值計量且其變動計入損益的金融資產,other_noncurrent_assets,1068239.0,FY23Q2_031120221202.pdf
FY23,Q2,2022-09-30,非流動資產,以公允值計量且其變動計入其他全面收益的金融資產,other_noncurrent_assets,56669.0,FY23Q2_031120221202.pdf
FY23,Q2,2022-09-30,非流動資產,其他非流動資產,other_noncurrent_assets,295417.0,FY23Q2_031120221202.pdf
FY23,Q2,2022-09-30,非流動資產,[非流動資產小计],_subtotal_非流動資產,15175406.0,FY23Q2_031120221202.pdf
FY23,Q2,2022-09-30,流動資產,存貨,inventory,8417891.0,FY23Q2_031120221202.pdf
FY23,Q2,2022-09-30,流動資產,應收貿易賬款及票據,accounts_receivable,9786759.0,FY23Q2_031120221202.pdf
FY23,Q2,2022-09-30,流動資產,衍生金融資產,other_current_assets,353363.0,FY23Q2_031120221202.pdf
FY23,Q2,2022-09-30,流動資產,按金、預付款項及其他應收賬款,other_current_assets,3658592.0,FY23Q2_031120221202.pdf
FY23,Q2,2022-09-30,流動資產,可收回所得稅款,other_current_assets,273664.0,FY23Q2_031120221202.pdf
FY23,Q2,2022-09-30,流動資產,銀行存款,short_term_investments,60381.0,FY23Q2_031120221202.pdf
FY23,Q2,2022-09-30,流動資產,現金及現金等價物,cash,5567431.0,FY23Q2_031120221202.pdf
FY23,Q2,2022-09-30,流動資產,[流動資產小计],_subtotal_流動資產,28118081.0,FY23Q2_031120221202.pdf
FY23,Q2,2022-09-30,合计,總資產,total_assets,43293487.0,FY23Q2_031120221202.pdf
FY23,Q2,2022-09-30,權益,其他非控制性權益,noncontrolling_interest,989993.0,FY23Q2_031120221202.pdf
FY23,Q2,2022-09-30,權益,向非控制性權益簽出認沽期權,noncontrolling_interest,-547353.0,FY23Q2_031120221202.pdf
FY23,Q2,2022-09-30,合计,總權益,total_equity,5626898.0,FY23Q2_031120221202.pdf
FY23,Q2,2022-09-30,非流動負債,貸款,long_term_debt,3937047.0,FY23Q2_031120221202.pdf
FY23,Q2,2022-09-30,非流動負債,保修費撥備,other_noncurrent_liabilities,227295.0,FY23Q2_031120221202.pdf
FY23,Q2,2022-09-30,非流動負債,遞延收益,deferred_revenue_noncurrent,1334626.0,FY23Q2_031120221202.pdf
FY23,Q2,2022-09-30,非流動負債,退休福利責任,other_noncurrent_liabilities,306934.0,FY23Q2_031120221202.pdf
FY23,Q2,2022-09-30,非流動負債,遞延所得稅項負債,other_noncurrent_liabilities,404582.0,FY23Q2_031120221202.pdf
FY23,Q2,2022-09-30,非流動負債,其他非流動負債,other_noncurrent_liabilities,680785.0,FY23Q2_031120221202.pdf
FY23,Q2,2022-09-30,非流動負債,[非流動負債小计],_subtotal_非流動負債,6891269.0,FY23Q2_031120221202.pdf
FY23,Q2,2022-09-30,流動負債,應付貿易賬款及票據,accounts_payable,12348689.0,FY23Q2_031120221202.pdf
FY23,Q2,2022-09-30,流動負債,衍生金融負債,other_current_liabilities,51082.0,FY23Q2_031120221202.pdf
FY23,Q2,2022-09-30,流動負債,其他應付賬款及應計費用,accrued_liabilities,14682878.0,FY23Q2_031120221202.pdf
FY23,Q2,2022-09-30,流動負債,撥備,other_current_liabilities,854649.0,FY23Q2_031120221202.pdf
FY23,Q2,2022-09-30,流動負債,遞延收益,deferred_revenue_current,1527873.0,FY23Q2_031120221202.pdf
FY23,Q2,2022-09-30,流動負債,應付所得稅項,other_current_liabilities,704088.0,FY23Q2_031120221202.pdf
FY23,Q2,2022-09-30,流動負債,貸款,short_term_debt,606061.0,FY23Q2_031120221202.pdf
FY23,Q2,2022-09-30,流動負債,[流動負債小计],_subtotal_流動負債,30775320.0,FY23Q2_031120221202.pdf
FY23,Q2,2022-09-30,合计,總負債,total_liabilities,37666589.0,FY23Q2_031120221202.pdf
FY23,Q2,2022-09-30,合计,總權益及負債,total_liabilities_and_equity,43293487.0,FY23Q2_031120221202.pdf
FY23,Q3,2022-12-31,非流動資產,物業、廠房及設備,ppe_net,1926875.0,FY23Q3_170220231201.pdf
FY23,Q3,2022-12-31,非流動資產,使用權資產,other_noncurrent_assets,672478.0,FY23Q3_170220231201.pdf
FY23,Q3,2022-12-31,非流動資產,在建工程,ppe_net,574819.0,FY23Q3_170220231201.pdf
FY23,Q3,2022-12-31,非流動資產,無形資產,intangibles,8184558.0,FY23Q3_170220231201.pdf
FY23,Q3,2022-12-31,非流動資產,於聯營公司及合營公司權益,other_noncurrent_assets,442193.0,FY23Q3_170220231201.pdf
FY23,Q3,2022-12-31,非流動資產,遞延所得稅項資產,other_noncurrent_assets,2367616.0,FY23Q3_170220231201.pdf
FY23,Q3,2022-12-31,非流動資產,以公允值計量且其變動計入損益的金融資產,other_noncurrent_assets,1166896.0,FY23Q3_170220231201.pdf
FY23,Q3,2022-12-31,非流動資產,以公允值計量且其變動計入其他全面收益的金融資產,other_noncurrent_assets,64716.0,FY23Q3_170220231201.pdf
FY23,Q3,2022-12-31,非流動資產,其他非流動資產,other_noncurrent_assets,216467.0,FY23Q3_170220231201.pdf
FY23,Q3,2022-12-31,非流動資產,[非流動資產小计],_subtotal_非流動資產,15616618.0,FY23Q3_170220231201.pdf
FY23,Q3,2022-12-31,流動資產,存貨,inventory,7502055.0,FY23Q3_170220231201.pdf
FY23,Q3,2022-12-31,流動資產,應收貿易賬款及票據,accounts_receivable,9288512.0,FY23Q3_170220231201.pdf
FY23,Q3,2022-12-31,流動資產,衍生金融資產,other_current_assets,25680.0,FY23Q3_170220231201.pdf
FY23,Q3,2022-12-31,流動資產,按金、預付款項及其他應收賬款,other_current_assets,3934213.0,FY23Q3_170220231201.pdf
FY23,Q3,2022-12-31,流動資產,可收回所得稅款,other_current_assets,300899.0,FY23Q3_170220231201.pdf
FY23,Q3,2022-12-31,流動資產,銀行存款,short_term_investments,61767.0,FY23Q3_170220231201.pdf
FY23,Q3,2022-12-31,流動資產,現金及現金等價物,cash,5018898.0,FY23Q3_170220231201.pdf
FY23,Q3,2022-12-31,流動資產,[流動資產小计],_subtotal_流動資產,26132024.0,FY23Q3_170220231201.pdf
FY23,Q3,2022-12-31,合计,總資產,total_assets,41748642.0,FY23Q3_170220231201.pdf
FY23,Q3,2022-12-31,權益,其他非控制性權益,noncontrolling_interest,1026217.0,FY23Q3_170220231201.pdf
FY23,Q3,2022-12-31,權益,向非控制性權益簽出認沽期權,noncontrolling_interest,-547353.0,FY23Q3_170220231201.pdf
FY23,Q3,2022-12-31,合计,總權益,total_equity,5803451.0,FY23Q3_170220231201.pdf
FY23,Q3,2022-12-31,非流動負債,貸款,long_term_debt,3891186.0,FY23Q3_170220231201.pdf
FY23,Q3,2022-12-31,非流動負債,保修費撥備,other_noncurrent_liabilities,215570.0,FY23Q3_170220231201.pdf
FY23,Q3,2022-12-31,非流動負債,遞延收益,deferred_revenue_noncurrent,1397205.0,FY23Q3_170220231201.pdf
FY23,Q3,2022-12-31,非流動負債,退休福利責任,other_noncurrent_liabilities,293009.0,FY23Q3_170220231201.pdf
FY23,Q3,2022-12-31,非流動負債,遞延所得稅項負債,other_noncurrent_liabilities,434932.0,FY23Q3_170220231201.pdf
FY23,Q3,2022-12-31,非流動負債,其他非流動負債,other_noncurrent_liabilities,796056.0,FY23Q3_170220231201.pdf
FY23,Q3,2022-12-31,非流動負債,[非流動負債小计],_subtotal_非流動負債,7027958.0,FY23Q3_170220231201.pdf
FY23,Q3,2022-12-31,流動負債,應付貿易賬款及票據,accounts_payable,10837300.0,FY23Q3_170220231201.pdf
FY23,Q3,2022-12-31,流動負債,衍生金融負債,other_current_liabilities,184319.0,FY23Q3_170220231201.pdf
FY23,Q3,2022-12-31,流動負債,其他應付賬款及應計費用,accrued_liabilities,14215485.0,FY23Q3_170220231201.pdf
FY23,Q3,2022-12-31,流動負債,撥備,other_current_liabilities,886545.0,FY23Q3_170220231201.pdf
FY23,Q3,2022-12-31,流動負債,遞延收益,deferred_revenue_current,1600274.0,FY23Q3_170220231201.pdf
FY23,Q3,2022-12-31,流動負債,應付所得稅項,other_current_liabilities,585201.0,FY23Q3_170220231201.pdf
FY23,Q3,2022-12-31,流動負債,貸款,short_term_debt,608109.0,FY23Q3_170220231201.pdf
FY23,Q3,2022-12-31,流動負債,[流動負債小计],_subtotal_流動負債,28917233.0,FY23Q3_170220231201.pdf
FY23,Q3,2022-12-31,合计,總負債,total_liabilities,35945191.0,FY23Q3_170220231201.pdf
FY23,Q3,2022-12-31,合计,總權益及負債,total_liabilities_and_equity,41748642.0,FY23Q3_170220231201.pdf
FY23,Q4,2023-03-31,非流動資產,物業、廠房及設備,ppe_net,2006457.0,FY23Q4_240520231218.pdf
FY23,Q4,2023-03-31,非流動資產,使用權資產,other_noncurrent_assets,659360.0,FY23Q4_240520231218.pdf
FY23,Q4,2023-03-31,非流動資產,在建工程,ppe_net,638047.0,FY23Q4_240520231218.pdf
FY23,Q4,2023-03-31,非流動資產,無形資產,intangibles,8267114.0,FY23Q4_240520231218.pdf
FY23,Q4,2023-03-31,非流動資產,於聯營公司及合營公司權益,other_noncurrent_assets,438267.0,FY23Q4_240520231218.pdf
FY23,Q4,2023-03-31,非流動資產,遞延所得稅項資產,other_noncurrent_assets,2467281.0,FY23Q4_240520231218.pdf
FY23,Q4,2023-03-31,非流動資產,以公允值計量且其變動計入損益的金融資產,other_noncurrent_assets,1233969.0,FY23Q4_240520231218.pdf
FY23,Q4,2023-03-31,非流動資產,以公允值計量且其變動計入其他全面收益的金融資產,other_noncurrent_assets,66178.0,FY23Q4_240520231218.pdf
FY23,Q4,2023-03-31,非流動資產,其他非流動資產,other_noncurrent_assets,202531.0,FY23Q4_240520231218.pdf
FY23,Q4,2023-03-31,非流動資產,[非流動資產小计],_subtotal_非流動資產,15979204.0,FY23Q4_240520231218.pdf
FY23,Q4,2023-03-31,流動資產,存貨,inventory,6371858.0,FY23Q4_240520231218.pdf
FY23,Q4,2023-03-31,流動資產,應收貿易賬款及票據,accounts_receivable,7940378.0,FY23Q4_240520231218.pdf
FY23,Q4,2023-03-31,流動資產,衍生金融資產,other_current_assets,37460.0,FY23Q4_240520231218.pdf
FY23,Q4,2023-03-31,流動資產,按金、預付款項及其他應收賬款,other_current_assets,3945153.0,FY23Q4_240520231218.pdf
FY23,Q4,2023-03-31,流動資產,可收回所得稅款,other_current_assets,324756.0,FY23Q4_240520231218.pdf
FY23,Q4,2023-03-31,流動資產,銀行存款,short_term_investments,71163.0,FY23Q4_240520231218.pdf
FY23,Q4,2023-03-31,流動資產,現金及現金等價物,cash,4250085.0,FY23Q4_240520231218.pdf
FY23,Q4,2023-03-31,流動資產,[流動資產小计],_subtotal_流動資產,22940853.0,FY23Q4_240520231218.pdf
FY23,Q4,2023-03-31,合计,總資產,total_assets,38920057.0,FY23Q4_240520231218.pdf
FY23,Q4,2023-03-31,權益,其他非控制性權益,noncontrolling_interest,1006784.0,FY23Q4_240520231218.pdf
FY23,Q4,2023-03-31,權益,向非控制性權益簽出認沽期權,noncontrolling_interest,-547353.0,FY23Q4_240520231218.pdf
FY23,Q4,2023-03-31,合计,總權益,total_equity,6047021.0,FY23Q4_240520231218.pdf
FY23,Q4,2023-03-31,非流動負債,貸款,long_term_debt,3683178.0,FY23Q4_240520231218.pdf
FY23,Q4,2023-03-31,非流動負債,保修費撥備,other_noncurrent_liabilities,196037.0,FY23Q4_240520231218.pdf
FY23,Q4,2023-03-31,非流動負債,遞延收益,deferred_revenue_noncurrent,1389427.0,FY23Q4_240520231218.pdf
FY23,Q4,2023-03-31,非流動負債,退休福利責任,other_noncurrent_liabilities,257244.0,FY23Q4_240520231218.pdf
FY23,Q4,2023-03-31,非流動負債,遞延所得稅項負債,other_noncurrent_liabilities,431688.0,FY23Q4_240520231218.pdf
FY23,Q4,2023-03-31,非流動負債,其他非流動負債,other_noncurrent_liabilities,822105.0,FY23Q4_240520231218.pdf
FY23,Q4,2023-03-31,非流動負債,[非流動負債小计],_subtotal_非流動負債,6779679.0,FY23Q4_240520231218.pdf
FY23,Q4,2023-03-31,流動負債,應付貿易賬款及票據,accounts_payable,9772934.0,FY23Q4_240520231218.pdf
FY23,Q4,2023-03-31,流動負債,衍生金融負債,other_current_liabilities,62499.0,FY23Q4_240520231218.pdf
FY23,Q4,2023-03-31,流動負債,其他應付賬款及應計費用,accrued_liabilities,12932781.0,FY23Q4_240520231218.pdf
FY23,Q4,2023-03-31,流動負債,撥備,other_current_liabilities,1021041.0,FY23Q4_240520231218.pdf
FY23,Q4,2023-03-31,流動負債,遞延收益,deferred_revenue_current,1581952.0,FY23Q4_240520231218.pdf
FY23,Q4,2023-03-31,流動負債,應付所得稅項,other_current_liabilities,450534.0,FY23Q4_240520231218.pdf
FY23,Q4,2023-03-31,流動負債,貸款,short_term_debt,271616.0,FY23Q4_240520231218.pdf
FY23,Q4,2023-03-31,流動負債,[流動負債小计],_subtotal_流動負債,26093357.0,FY23Q4_240520231218.pdf
FY23,Q4,2023-03-31,合计,總負債,total_liabilities,32873036.0,FY23Q4_240520231218.pdf
FY23,Q4,2023-03-31,合计,總權益及負債,total_liabilities_and_equity,38920057.0,FY23Q4_240520231218.pdf
FY24,Q1,2023-06-30,非流動資產,物業、廠房及設備,ppe_net,1928735.0,FY24Q1_170820231201.pdf
FY24,Q1,2023-06-30,非流動資產,使用權資產,other_noncurrent_assets,639018.0,FY24Q1_170820231201.pdf
FY24,Q1,2023-06-30,非流動資產,在建工程,ppe_net,556016.0,FY24Q1_170820231201.pdf
FY24,Q1,2023-06-30,非流動資產,無形資產,intangibles,8190535.0,FY24Q1_170820231201.pdf
FY24,Q1,2023-06-30,非流動資產,於聯營公司及合營公司權益,other_noncurrent_assets,413971.0,FY24Q1_170820231201.pdf
FY24,Q1,2023-06-30,非流動資產,遞延所得稅項資產,other_noncurrent_assets,2487943.0,FY24Q1_170820231201.pdf
FY24,Q1,2023-06-30,非流動資產,以公允值計量且其變動計入損益的金融資產,other_noncurrent_assets,1158587.0,FY24Q1_170820231201.pdf
FY24,Q1,2023-06-30,非流動資產,以公允值計量且其變動計入其他全面收益的金融資產,other_noncurrent_assets,64883.0,FY24Q1_170820231201.pdf
FY24,Q1,2023-06-30,非流動資產,其他非流動資產,other_noncurrent_assets,210165.0,FY24Q1_170820231201.pdf
FY24,Q1,2023-06-30,非流動資產,[非流動資產小计],_subtotal_非流動資產,15649853.0,FY24Q1_170820231201.pdf
FY24,Q1,2023-06-30,流動資產,存貨,inventory,5907201.0,FY24Q1_170820231201.pdf
FY24,Q1,2023-06-30,流動資產,應收貿易賬款及票據,accounts_receivable,7474309.0,FY24Q1_170820231201.pdf
FY24,Q1,2023-06-30,流動資產,衍生金融資產,other_current_assets,98940.0,FY24Q1_170820231201.pdf
FY24,Q1,2023-06-30,流動資產,按金、預付款項及其他應收賬款,other_current_assets,4004136.0,FY24Q1_170820231201.pdf
FY24,Q1,2023-06-30,流動資產,可收回所得稅款,other_current_assets,366704.0,FY24Q1_170820231201.pdf
FY24,Q1,2023-06-30,流動資產,銀行存款,short_term_investments,68424.0,FY24Q1_170820231201.pdf
FY24,Q1,2023-06-30,流動資產,現金及現金等價物,cash,4354802.0,FY24Q1_170820231201.pdf
FY24,Q1,2023-06-30,流動資產,[流動資產小计],_subtotal_流動資產,22274516.0,FY24Q1_170820231201.pdf
FY24,Q1,2023-06-30,合计,總資產,total_assets,37924369.0,FY24Q1_170820231201.pdf
FY24,Q1,2023-06-30,權益,其他非控制性權益,noncontrolling_interest,995191.0,FY24Q1_170820231201.pdf
FY24,Q1,2023-06-30,權益,向非控制性權益簽出認沽期權,noncontrolling_interest,-547353.0,FY24Q1_170820231201.pdf
FY24,Q1,2023-06-30,合计,總權益,total_equity,5856980.0,FY24Q1_170820231201.pdf
FY24,Q1,2023-06-30,非流動負債,貸款,long_term_debt,3688661.0,FY24Q1_170820231201.pdf
FY24,Q1,2023-06-30,非流動負債,保修費撥備,other_noncurrent_liabilities,179688.0,FY24Q1_170820231201.pdf
FY24,Q1,2023-06-30,非流動負債,遞延收益,deferred_revenue_noncurrent,1354684.0,FY24Q1_170820231201.pdf
FY24,Q1,2023-06-30,非流動負債,退休福利責任,other_noncurrent_liabilities,253778.0,FY24Q1_170820231201.pdf
FY24,Q1,2023-06-30,非流動負債,遞延所得稅項負債,other_noncurrent_liabilities,423708.0,FY24Q1_170820231201.pdf
FY24,Q1,2023-06-30,非流動負債,其他非流動負債,other_noncurrent_liabilities,788912.0,FY24Q1_170820231201.pdf
FY24,Q1,2023-06-30,非流動負債,[非流動負債小计],_subtotal_非流動負債,6689431.0,FY24Q1_170820231201.pdf
FY24,Q1,2023-06-30,流動負債,應付貿易賬款及票據,accounts_payable,9284233.0,FY24Q1_170820231201.pdf
FY24,Q1,2023-06-30,流動負債,衍生金融負債,other_current_liabilities,36301.0,FY24Q1_170820231201.pdf
FY24,Q1,2023-06-30,流動負債,其他應付賬款及應計費用,accrued_liabilities,12928146.0,FY24Q1_170820231201.pdf
FY24,Q1,2023-06-30,流動負債,撥備,other_current_liabilities,945502.0,FY24Q1_170820231201.pdf
FY24,Q1,2023-06-30,流動負債,遞延收益,deferred_revenue_current,1568100.0,FY24Q1_170820231201.pdf
FY24,Q1,2023-06-30,流動負債,應付所得稅項,other_current_liabilities,335236.0,FY24Q1_170820231201.pdf
FY24,Q1,2023-06-30,流動負債,貸款,short_term_debt,280440.0,FY24Q1_170820231201.pdf
FY24,Q1,2023-06-30,流動負債,[流動負債小计],_subtotal_流動負債,25377958.0,FY24Q1_170820231201.pdf
FY24,Q1,2023-06-30,合计,總負債,total_liabilities,32067389.0,FY24Q1_170820231201.pdf
FY24,Q1,2023-06-30,合计,總權益及負債,total_liabilities_and_equity,37924369.0,FY24Q1_170820231201.pdf
FY24,Q2,2023-09-30,非流動資產,物業、廠房及設備,ppe_net,1971534.0,FY24Q2_161120231219.pdf
FY24,Q2,2023-09-30,非流動資產,使用權資產,other_noncurrent_assets,616030.0,FY24Q2_161120231219.pdf
FY24,Q2,2023-09-30,非流動資產,在建工程,ppe_net,570334.0,FY24Q2_161120231219.pdf
FY24,Q2,2023-09-30,非流動資產,無形資產,intangibles,8174825.0,FY24Q2_161120231219.pdf
FY24,Q2,2023-09-30,非流動資產,於聯營公司及合營公司權益,other_noncurrent_assets,408101.0,FY24Q2_161120231219.pdf
FY24,Q2,2023-09-30,非流動資產,遞延所得稅項資產,other_noncurrent_assets,2510465.0,FY24Q2_161120231219.pdf
FY24,Q2,2023-09-30,非流動資產,以公允值計量且其變動計入損益的金融資產,other_noncurrent_assets,1247983.0,FY24Q2_161120231219.pdf
FY24,Q2,2023-09-30,非流動資產,以公允值計量且其變動計入其他全面收益的金融資產,other_noncurrent_assets,63531.0,FY24Q2_161120231219.pdf
FY24,Q2,2023-09-30,非流動資產,其他非流動資產,other_noncurrent_assets,284672.0,FY24Q2_161120231219.pdf
FY24,Q2,2023-09-30,非流動資產,[非流動資產小计],_subtotal_非流動資產,15847475.0,FY24Q2_161120231219.pdf
FY24,Q2,2023-09-30,流動資產,存貨,inventory,6169642.0,FY24Q2_161120231219.pdf
FY24,Q2,2023-09-30,流動資產,應收貿易賬款及票據,accounts_receivable,7809892.0,FY24Q2_161120231219.pdf
FY24,Q2,2023-09-30,流動資產,衍生金融資產,other_current_assets,107181.0,FY24Q2_161120231219.pdf
FY24,Q2,2023-09-30,流動資產,按金、預付款項及其他應收賬款,other_current_assets,5125319.0,FY24Q2_161120231219.pdf
FY24,Q2,2023-09-30,流動資產,可收回所得稅款,other_current_assets,398181.0,FY24Q2_161120231219.pdf
FY24,Q2,2023-09-30,流動資產,銀行存款,short_term_investments,61979.0,FY24Q2_161120231219.pdf
FY24,Q2,2023-09-30,流動資產,現金及現金等價物,cash,3736984.0,FY24Q2_161120231219.pdf
FY24,Q2,2023-09-30,流動資產,[流動資產小计],_subtotal_流動資產,23409178.0,FY24Q2_161120231219.pdf
FY24,Q2,2023-09-30,合计,總資產,total_assets,39256653.0,FY24Q2_161120231219.pdf
FY24,Q2,2023-09-30,權益,其他非控制性權益,noncontrolling_interest,998650.0,FY24Q2_161120231219.pdf
FY24,Q2,2023-09-30,權益,向非控制性權益簽出認沽期權,noncontrolling_interest,-547353.0,FY24Q2_161120231219.pdf
FY24,Q2,2023-09-30,合计,總權益,total_equity,5578482.0,FY24Q2_161120231219.pdf
FY24,Q2,2023-09-30,非流動負債,貸款,long_term_debt,3638675.0,FY24Q2_161120231219.pdf
FY24,Q2,2023-09-30,非流動負債,保修費撥備,other_noncurrent_liabilities,171055.0,FY24Q2_161120231219.pdf
FY24,Q2,2023-09-30,非流動負債,遞延收益,deferred_revenue_noncurrent,1369564.0,FY24Q2_161120231219.pdf
FY24,Q2,2023-09-30,非流動負債,退休福利責任,other_noncurrent_liabilities,240774.0,FY24Q2_161120231219.pdf
FY24,Q2,2023-09-30,非流動負債,遞延所得稅項負債,other_noncurrent_liabilities,428226.0,FY24Q2_161120231219.pdf
FY24,Q2,2023-09-30,非流動負債,其他非流動負債,other_noncurrent_liabilities,774190.0,FY24Q2_161120231219.pdf
FY24,Q2,2023-09-30,非流動負債,[非流動負債小计],_subtotal_非流動負債,6622484.0,FY24Q2_161120231219.pdf
FY24,Q2,2023-09-30,流動負債,應付貿易賬款及票據,accounts_payable,10872335.0,FY24Q2_161120231219.pdf
FY24,Q2,2023-09-30,流動負債,衍生金融負債,other_current_liabilities,20315.0,FY24Q2_161120231219.pdf
FY24,Q2,2023-09-30,流動負債,其他應付賬款及應計費用,accrued_liabilities,13059950.0,FY24Q2_161120231219.pdf
FY24,Q2,2023-09-30,流動負債,撥備,other_current_liabilities,907638.0,FY24Q2_161120231219.pdf
FY24,Q2,2023-09-30,流動負債,遞延收益,deferred_revenue_current,1557285.0,FY24Q2_161120231219.pdf
FY24,Q2,2023-09-30,流動負債,應付所得稅項,other_current_liabilities,344528.0,FY24Q2_161120231219.pdf
FY24,Q2,2023-09-30,流動負債,貸款,short_term_debt,293636.0,FY24Q2_161120231219.pdf
FY24,Q2,2023-09-30,流動負債,[流動負債小计],_subtotal_流動負債,27055687.0,FY24Q2_161120231219.pdf
FY24,Q2,2023-09-30,合计,總負債,total_liabilities,33678171.0,FY24Q2_161120231219.pdf
FY24,Q2,2023-09-30,合计,總權益及負債,total_liabilities_and_equity,39256653.0,FY24Q2_161120231219.pdf
FY24,Q3,2023-12-31,非流動資產,物業、廠房及設備,ppe_net,2009343.0,FY24Q3_220220241202.pdf
FY24,Q3,2023-12-31,非流動資產,使用權資產,other_noncurrent_assets,604509.0,FY24Q3_220220241202.pdf
FY24,Q3,2023-12-31,非流動資產,在建工程,ppe_net,385483.0,FY24Q3_220220241202.pdf
FY24,Q3,2023-12-31,非流動資產,無形資產,intangibles,8519244.0,FY24Q3_220220241202.pdf
FY24,Q3,2023-12-31,非流動資產,於聯營公司及合營公司權益,other_noncurrent_assets,333480.0,FY24Q3_220220241202.pdf
FY24,Q3,2023-12-31,非流動資產,遞延所得稅項資產,other_noncurrent_assets,2631152.0,FY24Q3_220220241202.pdf
FY24,Q3,2023-12-31,非流動資產,以公允值計量且其變動計入損益的金融資產,other_noncurrent_assets,1328548.0,FY24Q3_220220241202.pdf
FY24,Q3,2023-12-31,非流動資產,以公允值計量且其變動計入其他全面收益的金融資產,other_noncurrent_assets,56699.0,FY24Q3_220220241202.pdf
FY24,Q3,2023-12-31,非流動資產,其他非流動資產,other_noncurrent_assets,408047.0,FY24Q3_220220241202.pdf
FY24,Q3,2023-12-31,非流動資產,[非流動資產小计],_subtotal_非流動資產,16276505.0,FY24Q3_220220241202.pdf
FY24,Q3,2023-12-31,流動資產,存貨,inventory,6218910.0,FY24Q3_220220241202.pdf
FY24,Q3,2023-12-31,流動資產,應收貿易賬款及票據,accounts_receivable,8944694.0,FY24Q3_220220241202.pdf
FY24,Q3,2023-12-31,流動資產,衍生金融資產,other_current_assets,15376.0,FY24Q3_220220241202.pdf
FY24,Q3,2023-12-31,流動資產,按金、預付款項及其他應收賬款,other_current_assets,4143353.0,FY24Q3_220220241202.pdf
FY24,Q3,2023-12-31,流動資產,可收回所得稅款,other_current_assets,372694.0,FY24Q3_220220241202.pdf
FY24,Q3,2023-12-31,流動資產,銀行存款,short_term_investments,66638.0,FY24Q3_220220241202.pdf
FY24,Q3,2023-12-31,流動資產,現金及現金等價物,cash,3466167.0,FY24Q3_220220241202.pdf
FY24,Q3,2023-12-31,流動資產,[流動資產小计],_subtotal_流動資產,23227832.0,FY24Q3_220220241202.pdf
FY24,Q3,2023-12-31,合计,總資產,total_assets,39504337.0,FY24Q3_220220241202.pdf
FY24,Q3,2023-12-31,權益,其他非控制性權益,noncontrolling_interest,1059948.0,FY24Q3_220220241202.pdf
FY24,Q3,2023-12-31,權益,向非控制性權益簽出認沽期權,noncontrolling_interest,-547353.0,FY24Q3_220220241202.pdf
FY24,Q3,2023-12-31,合计,總權益,total_equity,6113017.0,FY24Q3_220220241202.pdf
FY24,Q3,2023-12-31,非流動負債,貸款,long_term_debt,3563643.0,FY24Q3_220220241202.pdf
FY24,Q3,2023-12-31,非流動負債,保修費撥備,other_noncurrent_liabilities,171681.0,FY24Q3_220220241202.pdf
FY24,Q3,2023-12-31,非流動負債,遞延收益,deferred_revenue_noncurrent,1443401.0,FY24Q3_220220241202.pdf
FY24,Q3,2023-12-31,非流動負債,退休福利責任,other_noncurrent_liabilities,236059.0,FY24Q3_220220241202.pdf
FY24,Q3,2023-12-31,非流動負債,遞延所得稅項負債,other_noncurrent_liabilities,456469.0,FY24Q3_220220241202.pdf
FY24,Q3,2023-12-31,非流動負債,其他非流動負債,other_noncurrent_liabilities,819404.0,FY24Q3_220220241202.pdf
FY24,Q3,2023-12-31,非流動負債,[非流動負債小计],_subtotal_非流動負債,6690657.0,FY24Q3_220220241202.pdf
FY24,Q3,2023-12-31,流動負債,應付貿易賬款及票據,accounts_payable,10258486.0,FY24Q3_220220241202.pdf
FY24,Q3,2023-12-31,流動負債,衍生金融負債,other_current_liabilities,124998.0,FY24Q3_220220241202.pdf
FY24,Q3,2023-12-31,流動負債,其他應付賬款及應計費用,accrued_liabilities,13368766.0,FY24Q3_220220241202.pdf
FY24,Q3,2023-12-31,流動負債,撥備,other_current_liabilities,905592.0,FY24Q3_220220241202.pdf
FY24,Q3,2023-12-31,流動負債,遞延收益,deferred_revenue_current,1583330.0,FY24Q3_220220241202.pdf
FY24,Q3,2023-12-31,流動負債,應付所得稅項,other_current_liabilities,402392.0,FY24Q3_220220241202.pdf
FY24,Q3,2023-12-31,流動負債,貸款,short_term_debt,57099.0,FY24Q3_220220241202.pdf
FY24,Q3,2023-12-31,流動負債,[流動負債小计],_subtotal_流動負債,26700663.0,FY24Q3_220220241202.pdf
FY24,Q3,2023-12-31,合计,總負債,total_liabilities,33391320.0,FY24Q3_220220241202.pdf
FY24,Q3,2023-12-31,合计,總權益及負債,total_liabilities_and_equity,39504337.0,FY24Q3_220220241202.pdf
FY24,Q4,2024-03-31,非流動資產,物業、廠房及設備,ppe_net,2010178.0,FY24Q4_230520241204.pdf
FY24,Q4,2024-03-31,非流動資產,使用權資產,other_noncurrent_assets,571305.0,FY24Q4_230520241204.pdf
FY24,Q4,2024-03-31,非流動資產,在建工程,ppe_net,337648.0,FY24Q4_230520241204.pdf
FY24,Q4,2024-03-31,非流動資產,無形資產,intangibles,8345407.0,FY24Q4_230520241204.pdf
FY24,Q4,2024-03-31,非流動資產,於聯營公司及合營公司權益,other_noncurrent_assets,318803.0,FY24Q4_230520241204.pdf
FY24,Q4,2024-03-31,非流動資產,遞延所得稅項資產,other_noncurrent_assets,2633302.0,FY24Q4_230520241204.pdf
FY24,Q4,2024-03-31,非流動資產,以公允值計量且其變動計入損益的金融資產,other_noncurrent_assets,1393666.0,FY24Q4_230520241204.pdf
FY24,Q4,2024-03-31,非流動資產,以公允值計量且其變動計入其他全面收益的金融資產,other_noncurrent_assets,55973.0,FY24Q4_230520241204.pdf
FY24,Q4,2024-03-31,非流動資產,其他非流動資產,other_noncurrent_assets,397489.0,FY24Q4_230520241204.pdf
FY24,Q4,2024-03-31,非流動資產,[非流動資產小计],_subtotal_非流動資產,16063771.0,FY24Q4_230520241204.pdf
FY24,Q4,2024-03-31,流動資產,存貨,inventory,6702677.0,FY24Q4_230520241204.pdf
FY24,Q4,2024-03-31,流動資產,應收貿易賬款及票據,accounts_receivable,8147695.0,FY24Q4_230520241204.pdf
FY24,Q4,2024-03-31,流動資產,衍生金融資產,other_current_assets,69568.0,FY24Q4_230520241204.pdf
FY24,Q4,2024-03-31,流動資產,按金、預付款項及其他應收賬款,other_current_assets,3782366.0,FY24Q4_230520241204.pdf
FY24,Q4,2024-03-31,流動資產,可收回所得稅款,other_current_assets,359491.0,FY24Q4_230520241204.pdf
FY24,Q4,2024-03-31,流動資產,銀行存款,short_term_investments,65555.0,FY24Q4_230520241204.pdf
FY24,Q4,2024-03-31,流動資產,現金及現金等價物,cash,3559831.0,FY24Q4_230520241204.pdf
FY24,Q4,2024-03-31,流動資產,[流動資產小计],_subtotal_流動資產,22687183.0,FY24Q4_230520241204.pdf
FY24,Q4,2024-03-31,合计,總資產,total_assets,38750954.0,FY24Q4_230520241204.pdf
FY24,Q4,2024-03-31,權益,其他非控制性權益,noncontrolling_interest,1045947.0,FY24Q4_230520241204.pdf
FY24,Q4,2024-03-31,權益,向非控制性權益簽出認沽期權,noncontrolling_interest,-547353.0,FY24Q4_230520241204.pdf
FY24,Q4,2024-03-31,合计,總權益,total_equity,6081187.0,FY24Q4_230520241204.pdf
FY24,Q4,2024-03-31,非流動負債,貸款,long_term_debt,3569229.0,FY24Q4_230520241204.pdf
FY24,Q4,2024-03-31,非流動負債,保修費撥備,other_noncurrent_liabilities,161261.0,FY24Q4_230520241204.pdf
FY24,Q4,2024-03-31,非流動負債,遞延收益,deferred_revenue_noncurrent,1436484.0,FY24Q4_230520241204.pdf
FY24,Q4,2024-03-31,非流動負債,退休福利責任,other_noncurrent_liabilities,241402.0,FY24Q4_230520241204.pdf
FY24,Q4,2024-03-31,非流動負債,遞延所得稅項負債,other_noncurrent_liabilities,447523.0,FY24Q4_230520241204.pdf
FY24,Q4,2024-03-31,非流動負債,其他非流動負債,other_noncurrent_liabilities,754705.0,FY24Q4_230520241204.pdf
FY24,Q4,2024-03-31,非流動負債,[非流動負債小计],_subtotal_非流動負債,6610604.0,FY24Q4_230520241204.pdf
FY24,Q4,2024-03-31,流動負債,應付貿易賬款及票據,accounts_payable,10505427.0,FY24Q4_230520241204.pdf
FY24,Q4,2024-03-31,流動負債,衍生金融負債,other_current_liabilities,42555.0,FY24Q4_230520241204.pdf
FY24,Q4,2024-03-31,流動負債,其他應付賬款及應計費用,accrued_liabilities,12751775.0,FY24Q4_230520241204.pdf
FY24,Q4,2024-03-31,流動負債,撥備,other_current_liabilities,920950.0,FY24Q4_230520241204.pdf
FY24,Q4,2024-03-31,流動負債,遞延收益,deferred_revenue_current,1512645.0,FY24Q4_230520241204.pdf
FY24,Q4,2024-03-31,流動負債,應付所得稅項,other_current_liabilities,275380.0,FY24Q4_230520241204.pdf
FY24,Q4,2024-03-31,流動負債,貸款,short_term_debt,50431.0,FY24Q4_230520241204.pdf
FY24,Q4,2024-03-31,流動負債,[流動負債小计],_subtotal_流動負債,26059163.0,FY24Q4_230520241204.pdf
FY24,Q4,2024-03-31,合计,總負債,total_liabilities,32669767.0,FY24Q4_230520241204.pdf
FY24,Q4,2024-03-31,合计,總權益及負債,total_liabilities_and_equity,38750954.0,FY24Q4_230520241204.pdf
FY25,Q1,2024-06-30,非流動資產,物業、廠房及設備,ppe_net,1987325.0,FY25Q1_150820241201.pdf
FY25,Q1,2024-06-30,非流動資產,使用權資產,other_noncurrent_assets,544115.0,FY25Q1_150820241201.pdf
FY25,Q1,2024-06-30,非流動資產,在建工程,ppe_net,299564.0,FY25Q1_150820241201.pdf
FY25,Q1,2024-06-30,非流動資產,無形資產,intangibles,8198827.0,FY25Q1_150820241201.pdf
FY25,Q1,2024-06-30,非流動資產,於聯營公司及合營公司權益,other_noncurrent_assets,314521.0,FY25Q1_150820241201.pdf
FY25,Q1,2024-06-30,非流動資產,遞延所得稅項資產,other_noncurrent_assets,2704923.0,FY25Q1_150820241201.pdf
FY25,Q1,2024-06-30,非流動資產,以公允值計量且其變動計入損益的金融資產,other_noncurrent_assets,1404907.0,FY25Q1_150820241201.pdf
FY25,Q1,2024-06-30,非流動資產,以公允值計量且其變動計入其他全面收益的金融資產,other_noncurrent_assets,53073.0,FY25Q1_150820241201.pdf
FY25,Q1,2024-06-30,非流動資產,其他非流動資產,other_noncurrent_assets,420085.0,FY25Q1_150820241201.pdf
FY25,Q1,2024-06-30,非流動資產,[非流動資產小计],_subtotal_非流動資產,15927340.0,FY25Q1_150820241201.pdf
FY25,Q1,2024-06-30,流動資產,存貨,inventory,7777587.0,FY25Q1_150820241201.pdf
FY25,Q1,2024-06-30,流動資產,應收貿易賬款及票據,accounts_receivable,8654796.0,FY25Q1_150820241201.pdf
FY25,Q1,2024-06-30,流動資產,衍生金融資產,other_current_assets,94372.0,FY25Q1_150820241201.pdf
FY25,Q1,2024-06-30,流動資產,按金、預付款項及其他應收賬款,other_current_assets,3665552.0,FY25Q1_150820241201.pdf
FY25,Q1,2024-06-30,流動資產,可收回所得稅款,other_current_assets,391867.0,FY25Q1_150820241201.pdf
FY25,Q1,2024-06-30,流動資產,銀行存款,short_term_investments,62028.0,FY25Q1_150820241201.pdf
FY25,Q1,2024-06-30,流動資產,現金及現金等價物,cash,3911121.0,FY25Q1_150820241201.pdf
FY25,Q1,2024-06-30,流動資產,[流動資產小计],_subtotal_流動資產,24557323.0,FY25Q1_150820241201.pdf
FY25,Q1,2024-06-30,合计,總資產,total_assets,40484663.0,FY25Q1_150820241201.pdf
FY25,Q1,2024-06-30,權益,其他非控制性權益,noncontrolling_interest,1050094.0,FY25Q1_150820241201.pdf
FY25,Q1,2024-06-30,權益,向非控制性權益簽出認沽期權,noncontrolling_interest,-547353.0,FY25Q1_150820241201.pdf
FY25,Q1,2024-06-30,合计,總權益,total_equity,6065336.0,FY25Q1_150820241201.pdf
FY25,Q1,2024-06-30,非流動負債,貸款,long_term_debt,2610011.0,FY25Q1_150820241201.pdf
FY25,Q1,2024-06-30,非流動負債,保修費撥備,other_noncurrent_liabilities,153282.0,FY25Q1_150820241201.pdf
FY25,Q1,2024-06-30,非流動負債,遞延收益,deferred_revenue_noncurrent,1463179.0,FY25Q1_150820241201.pdf
FY25,Q1,2024-06-30,非流動負債,退休福利責任,other_noncurrent_liabilities,237561.0,FY25Q1_150820241201.pdf
FY25,Q1,2024-06-30,非流動負債,遞延所得稅項負債,other_noncurrent_liabilities,438449.0,FY25Q1_150820241201.pdf
FY25,Q1,2024-06-30,非流動負債,其他非流動負債,other_noncurrent_liabilities,677818.0,FY25Q1_150820241201.pdf
FY25,Q1,2024-06-30,非流動負債,[非流動負債小计],_subtotal_非流動負債,5580300.0,FY25Q1_150820241201.pdf
FY25,Q1,2024-06-30,流動負債,應付貿易賬款及票據,accounts_payable,11924646.0,FY25Q1_150820241201.pdf
FY25,Q1,2024-06-30,流動負債,衍生金融負債,other_current_liabilities,23884.0,FY25Q1_150820241201.pdf
FY25,Q1,2024-06-30,流動負債,其他應付賬款及應計費用,accrued_liabilities,13209921.0,FY25Q1_150820241201.pdf
FY25,Q1,2024-06-30,流動負債,撥備,other_current_liabilities,889472.0,FY25Q1_150820241201.pdf
FY25,Q1,2024-06-30,流動負債,遞延收益,deferred_revenue_current,1427579.0,FY25Q1_150820241201.pdf
FY25,Q1,2024-06-30,流動負債,應付所得稅項,other_current_liabilities,349844.0,FY25Q1_150820241201.pdf
FY25,Q1,2024-06-30,流動負債,貸款,short_term_debt,1013681.0,FY25Q1_150820241201.pdf
FY25,Q1,2024-06-30,流動負債,[流動負債小计],_subtotal_流動負債,28839027.0,FY25Q1_150820241201.pdf
FY25,Q1,2024-06-30,合计,總負債,total_liabilities,34419327.0,FY25Q1_150820241201.pdf
FY25,Q1,2024-06-30,合计,總權益及負債,total_liabilities_and_equity,40484663.0,FY25Q1_150820241201.pdf
FY25,Q2,2024-09-30,非流動資產,物業、廠房及設備,ppe_net,2020333.0,FY25Q2_151120240721.pdf
FY25,Q2,2024-09-30,非流動資產,使用權資產,other_noncurrent_assets,540354.0,FY25Q2_151120240721.pdf
FY25,Q2,2024-09-30,非流動資產,在建工程,ppe_net,332460.0,FY25Q2_151120240721.pdf
FY25,Q2,2024-09-30,非流動資產,無形資產,intangibles,8257733.0,FY25Q2_151120240721.pdf
FY25,Q2,2024-09-30,非流動資產,於聯營公司及合營公司權益,other_noncurrent_assets,319557.0,FY25Q2_151120240721.pdf
FY25,Q2,2024-09-30,非流動資產,遞延所得稅項資產,other_noncurrent_assets,2796603.0,FY25Q2_151120240721.pdf
FY25,Q2,2024-09-30,非流動資產,以公允值計量且其變動計入損益的金融資產,other_noncurrent_assets,1470597.0,FY25Q2_151120240721.pdf
FY25,Q2,2024-09-30,非流動資產,以公允值計量且其變動計入其他全面收益的金融資產,other_noncurrent_assets,52899.0,FY25Q2_151120240721.pdf
FY25,Q2,2024-09-30,非流動資產,其他非流動資產,other_noncurrent_assets,467297.0,FY25Q2_151120240721.pdf
FY25,Q2,2024-09-30,非流動資產,[非流動資產小计],_subtotal_非流動資產,16257833.0,FY25Q2_151120240721.pdf
FY25,Q2,2024-09-30,流動資產,存貨,inventory,9118816.0,FY25Q2_151120240721.pdf
FY25,Q2,2024-09-30,流動資產,應收貿易賬款及票據,accounts_receivable,9476319.0,FY25Q2_151120240721.pdf
FY25,Q2,2024-09-30,流動資產,衍生金融資產,other_current_assets,29893.0,FY25Q2_151120240721.pdf
FY25,Q2,2024-09-30,流動資產,按金、預付款項及其他應收賬款,other_current_assets,4901236.0,FY25Q2_151120240721.pdf
FY25,Q2,2024-09-30,流動資產,可收回所得稅款,other_current_assets,441038.0,FY25Q2_151120240721.pdf
FY25,Q2,2024-09-30,流動資產,銀行存款,short_term_investments,60234.0,FY25Q2_151120240721.pdf
FY25,Q2,2024-09-30,流動資產,現金及現金等價物,cash,4178915.0,FY25Q2_151120240721.pdf
FY25,Q2,2024-09-30,流動資產,[流動資產小计],_subtotal_流動資產,28206451.0,FY25Q2_151120240721.pdf
FY25,Q2,2024-09-30,合计,總資產,total_assets,44464284.0,FY25Q2_151120240721.pdf
FY25,Q2,2024-09-30,權益,其他非控制性權益,noncontrolling_interest,1161518.0,FY25Q2_151120240721.pdf
FY25,Q2,2024-09-30,權益,向非控制性權益簽出認沽期權,noncontrolling_interest,-547353.0,FY25Q2_151120240721.pdf
FY25,Q2,2024-09-30,合计,總權益,total_equity,6091517.0,FY25Q2_151120240721.pdf
FY25,Q2,2024-09-30,非流動負債,貸款,long_term_debt,2615696.0,FY25Q2_151120240721.pdf
FY25,Q2,2024-09-30,非流動負債,保修費撥備,other_noncurrent_liabilities,157005.0,FY25Q2_151120240721.pdf
FY25,Q2,2024-09-30,非流動負債,遞延收益,deferred_revenue_noncurrent,1556971.0,FY25Q2_151120240721.pdf
FY25,Q2,2024-09-30,非流動負債,退休福利責任,other_noncurrent_liabilities,246951.0,FY25Q2_151120240721.pdf
FY25,Q2,2024-09-30,非流動負債,遞延所得稅項負債,other_noncurrent_liabilities,453053.0,FY25Q2_151120240721.pdf
FY25,Q2,2024-09-30,非流動負債,其他非流動負債,other_noncurrent_liabilities,661040.0,FY25Q2_151120240721.pdf
FY25,Q2,2024-09-30,非流動負債,[非流動負債小计],_subtotal_非流動負債,5690716.0,FY25Q2_151120240721.pdf
FY25,Q2,2024-09-30,流動負債,應付貿易賬款及票據,accounts_payable,14229350.0,FY25Q2_151120240721.pdf
FY25,Q2,2024-09-30,流動負債,衍生金融負債,other_current_liabilities,130022.0,FY25Q2_151120240721.pdf
FY25,Q2,2024-09-30,流動負債,其他應付賬款及應計費用,accrued_liabilities,14385688.0,FY25Q2_151120240721.pdf
FY25,Q2,2024-09-30,流動負債,撥備,other_current_liabilities,870977.0,FY25Q2_151120240721.pdf
FY25,Q2,2024-09-30,流動負債,遞延收益,deferred_revenue_current,1556470.0,FY25Q2_151120240721.pdf
FY25,Q2,2024-09-30,流動負債,應付所得稅項,other_current_liabilities,481649.0,FY25Q2_151120240721.pdf
FY25,Q2,2024-09-30,流動負債,貸款,short_term_debt,1027895.0,FY25Q2_151120240721.pdf
FY25,Q2,2024-09-30,流動負債,[流動負債小计],_subtotal_流動負債,32682051.0,FY25Q2_151120240721.pdf
FY25,Q2,2024-09-30,合计,總負債,total_liabilities,38372767.0,FY25Q2_151120240721.pdf
FY25,Q2,2024-09-30,合计,總權益及負債,total_liabilities_and_equity,44464284.0,FY25Q2_151120240721.pdf
FY25,Q3,2024-12-31,非流動資產,物業、廠房及設備,ppe_net,2002285.0,FY25Q3_200220251201.pdf
FY25,Q3,2024-12-31,非流動資產,使用權資產,other_noncurrent_assets,530176.0,FY25Q3_200220251201.pdf
FY25,Q3,2024-12-31,非流動資產,在建工程,ppe_net,221870.0,FY25Q3_200220251201.pdf
FY25,Q3,2024-12-31,非流動資產,無形資產,intangibles,8026377.0,FY25Q3_200220251201.pdf
FY25,Q3,2024-12-31,非流動資產,於聯營公司及合營公司權益,other_noncurrent_assets,310416.0,FY25Q3_200220251201.pdf
FY25,Q3,2024-12-31,非流動資產,遞延所得稅項資產,other_noncurrent_assets,3192682.0,FY25Q3_200220251201.pdf
FY25,Q3,2024-12-31,非流動資產,以公允值計量且其變動計入損益的金融資產,other_noncurrent_assets,1400413.0,FY25Q3_200220251201.pdf
FY25,Q3,2024-12-31,非流動資產,以公允值計量且其變動計入其他全面收益的金融資產,other_noncurrent_assets,46136.0,FY25Q3_200220251201.pdf
FY25,Q3,2024-12-31,非流動資產,其他非流動資產,other_noncurrent_assets,417480.0,FY25Q3_200220251201.pdf
FY25,Q3,2024-12-31,非流動資產,[非流動資產小计],_subtotal_非流動資產,16147835.0,FY25Q3_200220251201.pdf
FY25,Q3,2024-12-31,流動資產,存貨,inventory,9147679.0,FY25Q3_200220251201.pdf
FY25,Q3,2024-12-31,流動資產,應收貿易賬款及票據,accounts_receivable,9972362.0,FY25Q3_200220251201.pdf
FY25,Q3,2024-12-31,流動資產,衍生金融資產,other_current_assets,185595.0,FY25Q3_200220251201.pdf
FY25,Q3,2024-12-31,流動資產,按金、預付款項及其他應收賬款,other_current_assets,4569603.0,FY25Q3_200220251201.pdf
FY25,Q3,2024-12-31,流動資產,可收回所得稅款,other_current_assets,628278.0,FY25Q3_200220251201.pdf
FY25,Q3,2024-12-31,流動資產,銀行存款,short_term_investments,136544.0,FY25Q3_200220251201.pdf
FY25,Q3,2024-12-31,流動資產,現金及現金等價物,cash,3934448.0,FY25Q3_200220251201.pdf
FY25,Q3,2024-12-31,流動資產,[流動資產小计],_subtotal_流動資產,28574509.0,FY25Q3_200220251201.pdf
FY25,Q3,2024-12-31,合计,總資產,total_assets,44722344.0,FY25Q3_200220251201.pdf
FY25,Q3,2024-12-31,權益,其他非控制性權益,noncontrolling_interest,1112237.0,FY25Q3_200220251201.pdf
FY25,Q3,2024-12-31,權益,向非控制性權益簽出認沽期權,noncontrolling_interest,-547353.0,FY25Q3_200220251201.pdf
FY25,Q3,2024-12-31,合计,總權益,total_equity,6140970.0,FY25Q3_200220251201.pdf
FY25,Q3,2024-12-31,非流動負債,貸款,long_term_debt,2621429.0,FY25Q3_200220251201.pdf
FY25,Q3,2024-12-31,非流動負債,保修費撥備,other_noncurrent_liabilities,158376.0,FY25Q3_200220251201.pdf
FY25,Q3,2024-12-31,非流動負債,遞延收益,deferred_revenue_noncurrent,1544944.0,FY25Q3_200220251201.pdf
FY25,Q3,2024-12-31,非流動負債,退休福利責任,other_noncurrent_liabilities,225808.0,FY25Q3_200220251201.pdf
FY25,Q3,2024-12-31,非流動負債,遞延所得稅項負債,other_noncurrent_liabilities,522306.0,FY25Q3_200220251201.pdf
FY25,Q3,2024-12-31,非流動負債,其他非流動負債,other_noncurrent_liabilities,604410.0,FY25Q3_200220251201.pdf
FY25,Q3,2024-12-31,非流動負債,[非流動負債小计],_subtotal_非流動負債,5677273.0,FY25Q3_200220251201.pdf
FY25,Q3,2024-12-31,流動負債,應付貿易賬款及票據,accounts_payable,13883842.0,FY25Q3_200220251201.pdf
FY25,Q3,2024-12-31,流動負債,衍生金融負債,other_current_liabilities,26646.0,FY25Q3_200220251201.pdf
FY25,Q3,2024-12-31,流動負債,其他應付賬款及應計費用,accrued_liabilities,14678682.0,FY25Q3_200220251201.pdf
FY25,Q3,2024-12-31,流動負債,撥備,other_current_liabilities,868449.0,FY25Q3_200220251201.pdf
FY25,Q3,2024-12-31,流動負債,遞延收益,deferred_revenue_current,1605483.0,FY25Q3_200220251201.pdf
FY25,Q3,2024-12-31,流動負債,應付所得稅項,other_current_liabilities,784427.0,FY25Q3_200220251201.pdf
FY25,Q3,2024-12-31,流動負債,貸款,short_term_debt,1056572.0,FY25Q3_200220251201.pdf
FY25,Q3,2024-12-31,流動負債,[流動負債小计],_subtotal_流動負債,32904101.0,FY25Q3_200220251201.pdf
FY25,Q3,2024-12-31,合计,總負債,total_liabilities,38581374.0,FY25Q3_200220251201.pdf
FY25,Q3,2024-12-31,合计,總權益及負債,total_liabilities_and_equity,44722344.0,FY25Q3_200220251201.pdf
FY25,Q4,2025-03-31,非流動資產,物業、廠房及設備,ppe_net,2026280.0,FY25Q4_220520251203.pdf
FY25,Q4,2025-03-31,非流動資產,使用權資產,other_noncurrent_assets,592340.0,FY25Q4_220520251203.pdf
FY25,Q4,2025-03-31,非流動資產,在建工程,ppe_net,282309.0,FY25Q4_220520251203.pdf
FY25,Q4,2025-03-31,非流動資產,無形資產,intangibles,8232977.0,FY25Q4_220520251203.pdf
FY25,Q4,2025-03-31,非流動資產,於聯營公司及合營公司權益,other_noncurrent_assets,315704.0,FY25Q4_220520251203.pdf
FY25,Q4,2025-03-31,非流動資產,遞延所得稅項資產,other_noncurrent_assets,3055905.0,FY25Q4_220520251203.pdf
FY25,Q4,2025-03-31,非流動資產,以公允值計量且其變動計入損益的金融資產,other_noncurrent_assets,1464384.0,FY25Q4_220520251203.pdf
FY25,Q4,2025-03-31,非流動資產,以公允值計量且其變動計入其他全面收益的金融資產,other_noncurrent_assets,45382.0,FY25Q4_220520251203.pdf
FY25,Q4,2025-03-31,非流動資產,其他非流動資產,other_noncurrent_assets,311448.0,FY25Q4_220520251203.pdf
FY25,Q4,2025-03-31,非流動資產,[非流動資產小计],_subtotal_非流動資產,16326729.0,FY25Q4_220520251203.pdf
FY25,Q4,2025-03-31,流動資產,存貨,inventory,7923804.0,FY25Q4_220520251203.pdf
FY25,Q4,2025-03-31,流動資產,應收貿易賬款及票據,accounts_receivable,10506610.0,FY25Q4_220520251203.pdf
FY25,Q4,2025-03-31,流動資產,衍生金融資產,other_current_assets,53690.0,FY25Q4_220520251203.pdf
FY25,Q4,2025-03-31,流動資產,按金、預付款項及其他應收賬款,other_current_assets,4223658.0,FY25Q4_220520251203.pdf
FY25,Q4,2025-03-31,流動資產,可收回所得稅款,other_current_assets,379590.0,FY25Q4_220520251203.pdf
FY25,Q4,2025-03-31,流動資產,銀行存款,short_term_investments,88607.0,FY25Q4_220520251203.pdf
FY25,Q4,2025-03-31,流動資產,現金及現金等價物,cash,4728124.0,FY25Q4_220520251203.pdf
FY25,Q4,2025-03-31,流動資產,[流動資產小计],_subtotal_流動資產,27904083.0,FY25Q4_220520251203.pdf
FY25,Q4,2025-03-31,合计,總資產,total_assets,44230812.0,FY25Q4_220520251203.pdf
FY25,Q4,2025-03-31,權益,其他非控制性權益,noncontrolling_interest,1138283.0,FY25Q4_220520251203.pdf
FY25,Q4,2025-03-31,權益,向非控制性權益簽出認沽期權,noncontrolling_interest,-547353.0,FY25Q4_220520251203.pdf
FY25,Q4,2025-03-31,合计,總權益,total_equity,6659917.0,FY25Q4_220520251203.pdf
FY25,Q4,2025-03-31,非流動負債,貸款,long_term_debt,4337806.0,FY25Q4_220520251203.pdf
FY25,Q4,2025-03-31,非流動負債,保修費撥備,other_noncurrent_liabilities,159400.0,FY25Q4_220520251203.pdf
FY25,Q4,2025-03-31,非流動負債,遞延收益,deferred_revenue_noncurrent,1628942.0,FY25Q4_220520251203.pdf
FY25,Q4,2025-03-31,非流動負債,退休福利責任,other_noncurrent_liabilities,220784.0,FY25Q4_220520251203.pdf
FY25,Q4,2025-03-31,非流動負債,遞延所得稅項負債,other_noncurrent_liabilities,270268.0,FY25Q4_220520251203.pdf
FY25,Q4,2025-03-31,非流動負債,衍生金融負債,other_noncurrent_liabilities,241778.0,FY25Q4_220520251203.pdf
FY25,Q4,2025-03-31,非流動負債,其他非流動負債,other_noncurrent_liabilities,717784.0,FY25Q4_220520251203.pdf
FY25,Q4,2025-03-31,非流動負債,[非流動負債小计],_subtotal_非流動負債,7576762.0,FY25Q4_220520251203.pdf
FY25,Q4,2025-03-31,流動負債,應付貿易賬款及票據,accounts_payable,11978933.0,FY25Q4_220520251203.pdf
FY25,Q4,2025-03-31,流動負債,衍生金融負債,other_current_liabilities,197196.0,FY25Q4_220520251203.pdf
FY25,Q4,2025-03-31,流動負債,其他應付賬款及應計費用,accrued_liabilities,13904384.0,FY25Q4_220520251203.pdf
FY25,Q4,2025-03-31,流動負債,撥備,other_current_liabilities,852593.0,FY25Q4_220520251203.pdf
FY25,Q4,2025-03-31,流動負債,遞延收益,deferred_revenue_current,1565459.0,FY25Q4_220520251203.pdf
FY25,Q4,2025-03-31,流動負債,應付所得稅項,other_current_liabilities,465216.0,FY25Q4_220520251203.pdf
FY25,Q4,2025-03-31,流動負債,貸款,short_term_debt,1030352.0,FY25Q4_220520251203.pdf
FY25,Q4,2025-03-31,流動負債,[流動負債小计],_subtotal_流動負債,29994133.0,FY25Q4_220520251203.pdf
FY25,Q4,2025-03-31,合计,總負債,total_liabilities,37570895.0,FY25Q4_220520251203.pdf
FY25,Q4,2025-03-31,合计,總權益及負債,total_liabilities_and_equity,44230812.0,FY25Q4_220520251203.pdf
FY26,Q1,2025-06-30,非流動資產,物業、廠房及設備,ppe_net,2094309.0,FY26Q1_140820250742.pdf
FY26,Q1,2025-06-30,非流動資產,使用權資產,other_noncurrent_assets,623094.0,FY26Q1_140820250742.pdf
FY26,Q1,2025-06-30,非流動資產,在建工程,ppe_net,220906.0,FY26Q1_140820250742.pdf
FY26,Q1,2025-06-30,非流動資產,無形資產,intangibles,8328679.0,FY26Q1_140820250742.pdf
FY26,Q1,2025-06-30,非流動資產,於聯營公司及合營公司權益,other_noncurrent_assets,314406.0,FY26Q1_140820250742.pdf
FY26,Q1,2025-06-30,非流動資產,遞延所得稅項資產,other_noncurrent_assets,3104113.0,FY26Q1_140820250742.pdf
FY26,Q1,2025-06-30,非流動資產,以公允值計量且其變動計入損益的金融資產,other_noncurrent_assets,1493169.0,FY26Q1_140820250742.pdf
FY26,Q1,2025-06-30,非流動資產,以公允值計量且其變動計入其他全面收益的金融資產,other_noncurrent_assets,48509.0,FY26Q1_140820250742.pdf
FY26,Q1,2025-06-30,非流動資產,其他非流動資產,other_noncurrent_assets,335087.0,FY26Q1_140820250742.pdf
FY26,Q1,2025-06-30,非流動資產,[非流動資產小计],_subtotal_非流動資產,16562272.0,FY26Q1_140820250742.pdf
FY26,Q1,2025-06-30,流動資產,存貨,inventory,8742635.0,FY26Q1_140820250742.pdf
FY26,Q1,2025-06-30,流動資產,應收貿易賬款、租賃款及票據,accounts_receivable,10796573.0,FY26Q1_140820250742.pdf
FY26,Q1,2025-06-30,流動資產,衍生金融資產,other_current_assets,43425.0,FY26Q1_140820250742.pdf
FY26,Q1,2025-06-30,流動資產,按金、預付款項及其他應收賬款,other_current_assets,5228420.0,FY26Q1_140820250742.pdf
FY26,Q1,2025-06-30,流動資產,可收回所得稅款,other_current_assets,363079.0,FY26Q1_140820250742.pdf
FY26,Q1,2025-06-30,流動資產,銀行存款,short_term_investments,82366.0,FY26Q1_140820250742.pdf
FY26,Q1,2025-06-30,流動資產,現金及現金等價物,cash,4504440.0,FY26Q1_140820250742.pdf
FY26,Q1,2025-06-30,流動資產,[流動資產小计],_subtotal_流動資產,29760938.0,FY26Q1_140820250742.pdf
FY26,Q1,2025-06-30,合计,總資產,total_assets,46323210.0,FY26Q1_140820250742.pdf
FY26,Q1,2025-06-30,權益,其他非控制性權益,noncontrolling_interest,1181257.0,FY26Q1_140820250742.pdf
FY26,Q1,2025-06-30,權益,向非控制性權益簽出認沽期權,noncontrolling_interest,-547353.0,FY26Q1_140820250742.pdf
FY26,Q1,2025-06-30,合计,總權益,total_equity,7440898.0,FY26Q1_140820250742.pdf
FY26,Q1,2025-06-30,非流動負債,貸款,long_term_debt,4367770.0,FY26Q1_140820250742.pdf
FY26,Q1,2025-06-30,非流動負債,保修費撥備,other_noncurrent_liabilities,163955.0,FY26Q1_140820250742.pdf
FY26,Q1,2025-06-30,非流動負債,遞延收益,deferred_revenue_noncurrent,1738167.0,FY26Q1_140820250742.pdf
FY26,Q1,2025-06-30,非流動負債,退休福利責任,other_noncurrent_liabilities,220754.0,FY26Q1_140820250742.pdf
FY26,Q1,2025-06-30,非流動負債,遞延所得稅項負債,other_noncurrent_liabilities,246542.0,FY26Q1_140820250742.pdf
FY26,Q1,2025-06-30,非流動負債,衍生金融負債,other_noncurrent_liabilities,127844.0,FY26Q1_140820250742.pdf
FY26,Q1,2025-06-30,非流動負債,其他非流動負債,other_noncurrent_liabilities,732170.0,FY26Q1_140820250742.pdf
FY26,Q1,2025-06-30,非流動負債,[非流動負債小计],_subtotal_非流動負債,7597202.0,FY26Q1_140820250742.pdf
FY26,Q1,2025-06-30,流動負債,應付貿易賬款及票據,accounts_payable,14187753.0,FY26Q1_140820250742.pdf
FY26,Q1,2025-06-30,流動負債,衍生金融負債,other_current_liabilities,239903.0,FY26Q1_140820250742.pdf
FY26,Q1,2025-06-30,流動負債,其他應付賬款及應計費用,accrued_liabilities,13785175.0,FY26Q1_140820250742.pdf
FY26,Q1,2025-06-30,流動負債,撥備,other_current_liabilities,870868.0,FY26Q1_140820250742.pdf
FY26,Q1,2025-06-30,流動負債,遞延收益,deferred_revenue_current,1712340.0,FY26Q1_140820250742.pdf
FY26,Q1,2025-06-30,流動負債,應付所得稅項,other_current_liabilities,423932.0,FY26Q1_140820250742.pdf
FY26,Q1,2025-06-30,流動負債,貸款,short_term_debt,65139.0,FY26Q1_140820250742.pdf
FY26,Q1,2025-06-30,流動負債,[流動負債小计],_subtotal_流動負債,31285110.0,FY26Q1_140820250742.pdf
FY26,Q1,2025-06-30,合计,總負債,total_liabilities,38882312.0,FY26Q1_140820250742.pdf
FY26,Q1,2025-06-30,合计,總權益及負債,total_liabilities_and_equity,46323210.0,FY26Q1_140820250742.pdf
FY26,Q2,2025-09-30,非流動資產,物業、廠房及設備,ppe_net,2099759.0,FY26Q2_201120250729.pdf
FY26,Q2,2025-09-30,非流動資產,使用權資產,other_noncurrent_assets,622900.0,FY26Q2_201120250729.pdf
FY26,Q2,2025-09-30,非流動資產,在建工程,ppe_net,319304.0,FY26Q2_201120250729.pdf
FY26,Q2,2025-09-30,非流動資產,無形資產,intangibles,8256257.0,FY26Q2_201120250729.pdf
FY26,Q2,2025-09-30,非流動資產,於聯營公司及合營公司權益,other_noncurrent_assets,314425.0,FY26Q2_201120250729.pdf
FY26,Q2,2025-09-30,非流動資產,遞延所得稅項資產,other_noncurrent_assets,3080338.0,FY26Q2_201120250729.pdf
FY26,Q2,2025-09-30,非流動資產,以公允值計量且其變動計入損益的金融資產,other_noncurrent_assets,1558430.0,FY26Q2_201120250729.pdf
FY26,Q2,2025-09-30,非流動資產,以公允值計量且其變動計入其他全面收益的金融資產,other_noncurrent_assets,52761.0,FY26Q2_201120250729.pdf
FY26,Q2,2025-09-30,非流動資產,其他非流動資產,other_noncurrent_assets,310321.0,FY26Q2_201120250729.pdf
FY26,Q2,2025-09-30,非流動資產,[非流動資產小计],_subtotal_非流動資產,16614495.0,FY26Q2_201120250729.pdf
FY26,Q2,2025-09-30,流動資產,存貨,inventory,8617381.0,FY26Q2_201120250729.pdf
FY26,Q2,2025-09-30,流動資產,應收貿易賬款、租賃款及票據,accounts_receivable,12615198.0,FY26Q2_201120250729.pdf
FY26,Q2,2025-09-30,流動資產,衍生金融資產,other_current_assets,55459.0,FY26Q2_201120250729.pdf
FY26,Q2,2025-09-30,流動資產,按金、預付款項及其他應收賬款,other_current_assets,6285606.0,FY26Q2_201120250729.pdf
FY26,Q2,2025-09-30,流動資產,可收回所得稅款,other_current_assets,435533.0,FY26Q2_201120250729.pdf
FY26,Q2,2025-09-30,流動資產,銀行存款,short_term_investments,95363.0,FY26Q2_201120250729.pdf
FY26,Q2,2025-09-30,流動資產,現金及現金等價物,cash,5112130.0,FY26Q2_201120250729.pdf
FY26,Q2,2025-09-30,流動資產,[流動資產小计],_subtotal_流動資產,33216670.0,FY26Q2_201120250729.pdf
FY26,Q2,2025-09-30,合计,總資產,total_assets,49831165.0,FY26Q2_201120250729.pdf
FY26,Q2,2025-09-30,權益,其他非控制性權益,noncontrolling_interest,1194245.0,FY26Q2_201120250729.pdf
FY26,Q2,2025-09-30,權益,向非控制性權益簽出認沽期權,noncontrolling_interest,-547353.0,FY26Q2_201120250729.pdf
FY26,Q2,2025-09-30,合计,總權益,total_equity,7488880.0,FY26Q2_201120250729.pdf
FY26,Q2,2025-09-30,非流動負債,貸款,long_term_debt,4398458.0,FY26Q2_201120250729.pdf
FY26,Q2,2025-09-30,非流動負債,保修費撥備,other_noncurrent_liabilities,161947.0,FY26Q2_201120250729.pdf
FY26,Q2,2025-09-30,非流動負債,遞延收益,deferred_revenue_noncurrent,1809776.0,FY26Q2_201120250729.pdf
FY26,Q2,2025-09-30,非流動負債,退休福利責任,other_noncurrent_liabilities,221144.0,FY26Q2_201120250729.pdf
FY26,Q2,2025-09-30,非流動負債,遞延所得稅項負債,other_noncurrent_liabilities,251433.0,FY26Q2_201120250729.pdf
FY26,Q2,2025-09-30,非流動負債,衍生金融負債,other_noncurrent_liabilities,237380.0,FY26Q2_201120250729.pdf
FY26,Q2,2025-09-30,非流動負債,其他非流動負債,other_noncurrent_liabilities,746183.0,FY26Q2_201120250729.pdf
FY26,Q2,2025-09-30,非流動負債,[非流動負債小计],_subtotal_非流動負債,7826321.0,FY26Q2_201120250729.pdf
FY26,Q2,2025-09-30,流動負債,應付貿易賬款及票據,accounts_payable,16132424.0,FY26Q2_201120250729.pdf
FY26,Q2,2025-09-30,流動負債,衍生金融負債,other_current_liabilities,127499.0,FY26Q2_201120250729.pdf
FY26,Q2,2025-09-30,流動負債,其他應付賬款及應計費用,accrued_liabilities,15017237.0,FY26Q2_201120250729.pdf
FY26,Q2,2025-09-30,流動負債,撥備,other_current_liabilities,882101.0,FY26Q2_201120250729.pdf
FY26,Q2,2025-09-30,流動負債,遞延收益,deferred_revenue_current,1820157.0,FY26Q2_201120250729.pdf
FY26,Q2,2025-09-30,流動負債,應付所得稅項,other_current_liabilities,487799.0,FY26Q2_201120250729.pdf
FY26,Q2,2025-09-30,流動負債,貸款,short_term_debt,48747.0,FY26Q2_201120250729.pdf
FY26,Q2,2025-09-30,流動負債,[流動負債小计],_subtotal_流動負債,34515964.0,FY26Q2_201120250729.pdf
FY26,Q2,2025-09-30,合计,總負債,total_liabilities,42342285.0,FY26Q2_201120250729.pdf
FY26,Q2,2025-09-30,合计,總權益及負債,total_liabilities_and_equity,49831165.0,FY26Q2_201120250729.pdf
FY26,Q3,2025-12-31,非流動資產,物業、廠房及設備,ppe_net,2211820.0,FY26Q3_120220261202.pdf
FY26,Q3,2025-12-31,非流動資產,使用權資產,other_noncurrent_assets,658089.0,FY26Q3_120220261202.pdf
FY26,Q3,2025-12-31,非流動資產,在建工程,ppe_net,450323.0,FY26Q3_120220261202.pdf
FY26,Q3,2025-12-31,非流動資產,無形資產,intangibles,7921672.0,FY26Q3_120220261202.pdf
FY26,Q3,2025-12-31,非流動資產,於聯營公司及合營公司權益,other_noncurrent_assets,319027.0,FY26Q3_120220261202.pdf
FY26,Q3,2025-12-31,非流動資產,遞延所得稅項資產,other_noncurrent_assets,3408620.0,FY26Q3_120220261202.pdf
FY26,Q3,2025-12-31,非流動資產,以公允值計量且其變動計入損益的金融資產,other_noncurrent_assets,1838542.0,FY26Q3_120220261202.pdf
FY26,Q3,2025-12-31,非流動資產,以公允值計量且其變動計入其他全面收益的金融資產,other_noncurrent_assets,53296.0,FY26Q3_120220261202.pdf
FY26,Q3,2025-12-31,非流動資產,其他非流動資產,other_noncurrent_assets,333150.0,FY26Q3_120220261202.pdf
FY26,Q3,2025-12-31,非流動資產,[非流動資產小计],_subtotal_非流動資產,17194539.0,FY26Q3_120220261202.pdf
FY26,Q3,2025-12-31,流動資產,存貨,inventory,9076551.0,FY26Q3_120220261202.pdf
FY26,Q3,2025-12-31,流動資產,應收貿易賬款、租賃款及票據,accounts_receivable,14070144.0,FY26Q3_120220261202.pdf
FY26,Q3,2025-12-31,流動資產,衍生金融資產,other_current_assets,49637.0,FY26Q3_120220261202.pdf
FY26,Q3,2025-12-31,流動資產,按金、預付款項及其他應收賬款,other_current_assets,6439876.0,FY26Q3_120220261202.pdf
FY26,Q3,2025-12-31,流動資產,可收回所得稅款,other_current_assets,465958.0,FY26Q3_120220261202.pdf
FY26,Q3,2025-12-31,流動資產,銀行存款,short_term_investments,114268.0,FY26Q3_120220261202.pdf
FY26,Q3,2025-12-31,流動資產,現金及現金等價物,cash,5221410.0,FY26Q3_120220261202.pdf
FY26,Q3,2025-12-31,流動資產,[流動資產小计],_subtotal_流動資產,35437844.0,FY26Q3_120220261202.pdf
FY26,Q3,2025-12-31,合计,總資產,total_assets,52632383.0,FY26Q3_120220261202.pdf
FY26,Q3,2025-12-31,權益,其他非控制性權益,noncontrolling_interest,1321864.0,FY26Q3_120220261202.pdf
FY26,Q3,2025-12-31,權益,向非控制性權益簽出認沽期權,noncontrolling_interest,-547353.0,FY26Q3_120220261202.pdf
FY26,Q3,2025-12-31,合计,總權益,total_equity,7846077.0,FY26Q3_120220261202.pdf
FY26,Q3,2025-12-31,非流動負債,貸款,long_term_debt,4429549.0,FY26Q3_120220261202.pdf
FY26,Q3,2025-12-31,非流動負債,保修費撥備,other_noncurrent_liabilities,162721.0,FY26Q3_120220261202.pdf
FY26,Q3,2025-12-31,非流動負債,遞延收益,deferred_revenue_noncurrent,1901304.0,FY26Q3_120220261202.pdf
FY26,Q3,2025-12-31,非流動負債,退休福利責任,other_noncurrent_liabilities,212454.0,FY26Q3_120220261202.pdf
FY26,Q3,2025-12-31,非流動負債,遞延所得稅項負債,other_noncurrent_liabilities,314522.0,FY26Q3_120220261202.pdf
FY26,Q3,2025-12-31,非流動負債,衍生金融負債,other_noncurrent_liabilities,100768.0,FY26Q3_120220261202.pdf
FY26,Q3,2025-12-31,非流動負債,其他非流動負債,other_noncurrent_liabilities,774568.0,FY26Q3_120220261202.pdf
FY26,Q3,2025-12-31,非流動負債,[非流動負債小计],_subtotal_非流動負債,7895886.0,FY26Q3_120220261202.pdf
FY26,Q3,2025-12-31,流動負債,應付貿易賬款及票據,accounts_payable,16726976.0,FY26Q3_120220261202.pdf
FY26,Q3,2025-12-31,流動負債,衍生金融負債,other_current_liabilities,102903.0,FY26Q3_120220261202.pdf
FY26,Q3,2025-12-31,流動負債,其他應付賬款及應計費用,accrued_liabilities,16179512.0,FY26Q3_120220261202.pdf
FY26,Q3,2025-12-31,流動負債,撥備,other_current_liabilities,964755.0,FY26Q3_120220261202.pdf
FY26,Q3,2025-12-31,流動負債,遞延收益,deferred_revenue_current,1877817.0,FY26Q3_120220261202.pdf
FY26,Q3,2025-12-31,流動負債,應付所得稅項,other_current_liabilities,842758.0,FY26Q3_120220261202.pdf
FY26,Q3,2025-12-31,流動負債,貸款,short_term_debt,195699.0,FY26Q3_120220261202.pdf
FY26,Q3,2025-12-31,流動負債,[流動負債小计],_subtotal_流動負債,36890420.0,FY26Q3_120220261202.pdf
FY26,Q3,2025-12-31,合计,總負債,total_liabilities,44786306.0,FY26Q3_120220261202.pdf
FY26,Q3,2025-12-31,合计,總權益及負債,total_liabilities_and_equity,52632383.0,FY26Q3_120220261202.pdf
FY26,Q4,2026-03-31,非流動資產,物業、廠房及設備,ppe_net,2323913.0,FY26Q4_220520260732.pdf
FY26,Q4,2026-03-31,非流動資產,使用權資產,other_noncurrent_assets,648835.0,FY26Q4_220520260732.pdf
FY26,Q4,2026-03-31,非流動資產,在建工程,ppe_net,546072.0,FY26Q4_220520260732.pdf
FY26,Q4,2026-03-31,非流動資產,無形資產,intangibles,7920745.0,FY26Q4_220520260732.pdf
FY26,Q4,2026-03-31,非流動資產,於聯營公司及合營公司權益,other_noncurrent_assets,266950.0,FY26Q4_220520260732.pdf
FY26,Q4,2026-03-31,非流動資產,遞延所得稅項資產,other_noncurrent_assets,3761785.0,FY26Q4_220520260732.pdf
FY26,Q4,2026-03-31,非流動資產,以公允值計量且其變動計入損益的金融資產,other_noncurrent_assets,2030501.0,FY26Q4_220520260732.pdf
FY26,Q4,2026-03-31,非流動資產,以公允值計量且其變動計入其他全面收益的金融資產,other_noncurrent_assets,49648.0,FY26Q4_220520260732.pdf
FY26,Q4,2026-03-31,非流動資產,其他非流動資產,other_noncurrent_assets,378349.0,FY26Q4_220520260732.pdf
FY26,Q4,2026-03-31,非流動資產,[非流動資產小计],_subtotal_非流動資產,17926798.0,FY26Q4_220520260732.pdf
FY26,Q4,2026-03-31,流動資產,存貨,inventory,11720885.0,FY26Q4_220520260732.pdf
FY26,Q4,2026-03-31,流動資產,應收貿易賬款、租賃款及票據,accounts_receivable,14502738.0,FY26Q4_220520260732.pdf
FY26,Q4,2026-03-31,流動資產,衍生金融資產,other_current_assets,174916.0,FY26Q4_220520260732.pdf
FY26,Q4,2026-03-31,流動資產,按金、預付款項及其他應收賬款,other_current_assets,7429782.0,FY26Q4_220520260732.pdf
FY26,Q4,2026-03-31,流動資產,可收回所得稅款,other_current_assets,390444.0,FY26Q4_220520260732.pdf
FY26,Q4,2026-03-31,流動資產,銀行存款,short_term_investments,96369.0,FY26Q4_220520260732.pdf
FY26,Q4,2026-03-31,流動資產,現金及現金等價物,cash,4887162.0,FY26Q4_220520260732.pdf
FY26,Q4,2026-03-31,流動資產,[流動資產小计],_subtotal_流動資產,39202296.0,FY26Q4_220520260732.pdf
FY26,Q4,2026-03-31,合计,總資產,total_assets,57129094.0,FY26Q4_220520260732.pdf
FY26,Q4,2026-03-31,權益,其他非控制性權益,noncontrolling_interest,1355917.0,FY26Q4_220520260732.pdf
FY26,Q4,2026-03-31,權益,向非控制性權益簽出認沽期權,noncontrolling_interest,-547353.0,FY26Q4_220520260732.pdf
FY26,Q4,2026-03-31,合计,總權益,total_equity,8443613.0,FY26Q4_220520260732.pdf
FY26,Q4,2026-03-31,非流動負債,貸款,long_term_debt,3862595.0,FY26Q4_220520260732.pdf
FY26,Q4,2026-03-31,非流動負債,保修費撥備,other_noncurrent_liabilities,169547.0,FY26Q4_220520260732.pdf
FY26,Q4,2026-03-31,非流動負債,遞延收益,deferred_revenue_noncurrent,1969201.0,FY26Q4_220520260732.pdf
FY26,Q4,2026-03-31,非流動負債,退休福利責任,other_noncurrent_liabilities,203822.0,FY26Q4_220520260732.pdf
FY26,Q4,2026-03-31,非流動負債,遞延所得稅項負債,other_noncurrent_liabilities,310638.0,FY26Q4_220520260732.pdf
FY26,Q4,2026-03-31,非流動負債,衍生金融負債,other_noncurrent_liabilities,45182.0,FY26Q4_220520260732.pdf
FY26,Q4,2026-03-31,非流動負債,其他非流動負債,other_noncurrent_liabilities,766920.0,FY26Q4_220520260732.pdf
FY26,Q4,2026-03-31,非流動負債,[非流動負債小计],_subtotal_非流動負債,7327905.0,FY26Q4_220520260732.pdf
FY26,Q4,2026-03-31,流動負債,應付貿易賬款及票據,accounts_payable,19236706.0,FY26Q4_220520260732.pdf
FY26,Q4,2026-03-31,流動負債,衍生金融負債,other_current_liabilities,99239.0,FY26Q4_220520260732.pdf
FY26,Q4,2026-03-31,流動負債,其他應付賬款及應計費用,accrued_liabilities,17279079.0,FY26Q4_220520260732.pdf
FY26,Q4,2026-03-31,流動負債,撥備,other_current_liabilities,945068.0,FY26Q4_220520260732.pdf
FY26,Q4,2026-03-31,流動負債,遞延收益,deferred_revenue_current,1987839.0,FY26Q4_220520260732.pdf
FY26,Q4,2026-03-31,流動負債,應付所得稅項,other_current_liabilities,931202.0,FY26Q4_220520260732.pdf
FY26,Q4,2026-03-31,流動負債,貸款,short_term_debt,878443.0,FY26Q4_220520260732.pdf
FY26,Q4,2026-03-31,流動負債,[流動負債小计],_subtotal_流動負債,41357576.0,FY26Q4_220520260732.pdf
FY26,Q4,2026-03-31,合计,總負債,total_liabilities,48685481.0,FY26Q4_220520260732.pdf
FY26,Q4,2026-03-31,合计,總權益及負債,total_liabilities_and_equity,57129094.0,FY26Q4_220520260732.pdf
FY27,Q1,2026-06-30,非流動資產,物業、廠房及設備,ppe_net,2322951.0,FY27Q1_130820261201.pdf
FY27,Q1,2026-06-30,非流動資產,使用權資產,other_noncurrent_assets,643670.0,FY27Q1_130820261201.pdf
FY27,Q1,2026-06-30,非流動資產,在建工程,ppe_net,515523.0,FY27Q1_130820261201.pdf
FY27,Q1,2026-06-30,非流動資產,無形資產,intangibles,8926017.0,FY27Q1_130820261201.pdf
FY27,Q1,2026-06-30,非流動資產,於聯營公司及合營公司權益,other_noncurrent_assets,241570.0,FY27Q1_130820261201.pdf
FY27,Q1,2026-06-30,非流動資產,遞延所得稅項資產,other_noncurrent_assets,4060716.0,FY27Q1_130820261201.pdf
FY27,Q1,2026-06-30,非流動資產,以公允值計量且其變動計入損益的金融資產,other_noncurrent_assets,2325565.0,FY27Q1_130820261201.pdf
FY27,Q1,2026-06-30,非流動資產,以公允值計量且其變動計入其他全面收益的金融資產,other_noncurrent_assets,64755.0,FY27Q1_130820261201.pdf
FY27,Q1,2026-06-30,非流動資產,其他非流動資產,other_noncurrent_assets,356136.0,FY27Q1_130820261201.pdf
FY27,Q1,2026-06-30,非流動資產,[非流動資產小计],_subtotal_非流動資產,19456903.0,FY27Q1_130820261201.pdf
FY27,Q1,2026-06-30,流動資產,存貨,inventory,15741947.0,FY27Q1_130820261201.pdf
FY27,Q1,2026-06-30,流動資產,應收貿易賬款、租賃款及票據,accounts_receivable,19265786.0,FY27Q1_130820261201.pdf
FY27,Q1,2026-06-30,流動資產,衍生金融資產,other_current_assets,167070.0,FY27Q1_130820261201.pdf
FY27,Q1,2026-06-30,流動資產,按金、預付款項及其他應收賬款,other_current_assets,9000924.0,FY27Q1_130820261201.pdf
FY27,Q1,2026-06-30,流動資產,可收回所得稅款,other_current_assets,398705.0,FY27Q1_130820261201.pdf
FY27,Q1,2026-06-30,流動資產,銀行存款,short_term_investments,173304.0,FY27Q1_130820261201.pdf
FY27,Q1,2026-06-30,流動資產,現金及現金等價物,cash,5907477.0,FY27Q1_130820261201.pdf
FY27,Q1,2026-06-30,流動資產,[流動資產小计],_subtotal_流動資產,50655213.0,FY27Q1_130820261201.pdf
FY27,Q1,2026-06-30,合计,總資產,total_assets,70112116.0,FY27Q1_130820261201.pdf
FY27,Q1,2026-06-30,權益,其他非控制性權益,noncontrolling_interest,1501704.0,FY27Q1_130820261201.pdf
FY27,Q1,2026-06-30,權益,向非控制性權益簽出認沽期權,noncontrolling_interest,-547353.0,FY27Q1_130820261201.pdf
FY27,Q1,2026-06-30,合计,總權益,total_equity,8167710.0,FY27Q1_130820261201.pdf
FY27,Q1,2026-06-30,非流動負債,貸款,long_term_debt,5375037.0,FY27Q1_130820261201.pdf
FY27,Q1,2026-06-30,非流動負債,保修費撥備,other_noncurrent_liabilities,159626.0,FY27Q1_130820261201.pdf
FY27,Q1,2026-06-30,非流動負債,遞延收益,deferred_revenue_noncurrent,2119953.0,FY27Q1_130820261201.pdf
FY27,Q1,2026-06-30,非流動負債,退休福利責任,other_noncurrent_liabilities,202006.0,FY27Q1_130820261201.pdf
FY27,Q1,2026-06-30,非流動負債,遞延所得稅項負債,other_noncurrent_liabilities,373964.0,FY27Q1_130820261201.pdf
FY27,Q1,2026-06-30,非流動負債,衍生金融負債,other_noncurrent_liabilities,833980.0,FY27Q1_130820261201.pdf
FY27,Q1,2026-06-30,非流動負債,其他非流動負債,other_noncurrent_liabilities,1084058.0,FY27Q1_130820261201.pdf
FY27,Q1,2026-06-30,非流動負債,[非流動負債小计],_subtotal_非流動負債,10148624.0,FY27Q1_130820261201.pdf
FY27,Q1,2026-06-30,流動負債,應付貿易賬款及票據,accounts_payable,24397551.0,FY27Q1_130820261201.pdf
FY27,Q1,2026-06-30,流動負債,衍生金融負債,other_current_liabilities,1025116.0,FY27Q1_130820261201.pdf
FY27,Q1,2026-06-30,流動負債,其他應付賬款及應計費用,accrued_liabilities,21179254.0,FY27Q1_130820261201.pdf
FY27,Q1,2026-06-30,流動負債,撥備,other_current_liabilities,954325.0,FY27Q1_130820261201.pdf
FY27,Q1,2026-06-30,流動負債,遞延收益,deferred_revenue_current,2088033.0,FY27Q1_130820261201.pdf
FY27,Q1,2026-06-30,流動負債,應付所得稅項,other_current_liabilities,1266441.0,FY27Q1_130820261201.pdf
FY27,Q1,2026-06-30,流動負債,貸款,short_term_debt,885062.0,FY27Q1_130820261201.pdf
FY27,Q1,2026-06-30,流動負債,[流動負債小计],_subtotal_流動負債,51795782.0,FY27Q1_130820261201.pdf
FY27,Q1,2026-06-30,合计,總負債,total_liabilities,61944406.0,FY27Q1_130820261201.pdf
FY27,Q1,2026-06-30,合计,總權益及負債,total_liabilities_and_equity,70112116.0,FY27Q1_130820261201.pdf
